Date,Excess return of equal-weight commodities portfolio,Excess spot return of equal-weight commodities portfolio,Interest rate adjusted carry of equal-weight commodities portfolio,Spot return of equal-weight commodities portfolio,Carry of equal-weight commodities portfolio,Excess return of long/short commodities portfolio,Excess spot return of long/short commodities portfolio,Interest rate adjusted carry of long/short commodities portfolio,Aggregate backwardation/contango,State of backwardation/contango,State of inflation
01/31/1990,-0.015859438,-0.038702385,0.026331258,-0.032423464,0.019671059,-0.013911756,-0.062979597,0.059111402,0.012654435,0,0
02/28/1990,0.016569162,0.011953585,0.005307911,0.018520832,-0.001174142,-0.035255334,-0.082978649,0.047301075,0.009138679,0,0
03/30/1990,0.00607111,0.004731218,0.002476954,0.011190599,-0.003926766,-0.046263553,-0.086764235,0.038656161,-0.000956866,0,0
04/30/1990,0.017621795,0.014485654,0.003876115,0.020935743,-0.002466194,-0.020697585,-0.052287505,0.030641622,-0.004749761,0,0
05/31/1990,-0.026180907,-0.031886939,0.005758218,-0.025770497,-0.000556169,0.054737539,0.039921277,0.01511892,-0.00032519,0,0
06/29/1990,-0.024000368,-0.026058987,0.002282656,-0.019959846,-0.003954908,0.059361101,0.000140903,0.060990545,-0.00173837,0,0
07/31/1990,0.014349015,0.0093402,0.005841659,0.015644674,-0.000401965,-0.042213005,-0.082060087,0.038837156,-0.003443339,0,0
08/31/1990,0.046125564,0.055295122,-0.009473284,0.061865403,-0.015602157,-0.064290697,-0.117547234,0.051537094,-0.002906971,0,0
09/28/1990,0.093246059,0.09104767,0.002925169,0.097805134,-0.003248269,0.170342569,0.109507605,0.049223392,-0.002461273,0,0
10/31/1990,-0.051810703,-0.049030252,0.000264997,-0.043187947,-0.005842633,-0.013061084,-0.067315455,0.050080383,-0.005707244,0,0
11/30/1990,-0.032271472,-0.026693034,-0.003915774,-0.02075527,-0.009955647,-0.018427887,-0.10371903,0.088090636,-0.007911057,0,0
12/31/1990,-0.031960198,-0.0406784,0.009700186,-0.034861551,0.003614766,0.047275831,0.036708806,0.01032207,-0.000518583,0,0
01/31/1991,-0.058752508,-0.0767321,0.022367024,-0.071200755,0.016278448,-0.107959454,-0.150209035,0.056233133,0.00856195,0,0
02/28/1991,0.001218687,-0.001782093,0.005148246,0.004097264,-0.000737265,-0.040946425,-0.111785865,0.07522453,0.010271588,0,0
03/29/1991,0.015359122,0.003729194,0.012207935,0.009527582,0.006394152,-0.01011103,-0.04920676,0.038653056,0.009709285,0,0
04/30/1991,-0.003677876,-0.002164447,-0.00155231,0.003465464,-0.007154069,0.077375165,0.039062782,0.038387593,0.002605132,0,0
05/31/1991,-0.002549425,-0.010927505,0.008573076,-0.00549467,0.003063391,0.022788506,0.010899115,0.012263631,-0.000161693,0,0
06/28/1991,-0.038132139,-0.044889831,0.007254675,-0.03978237,0.001897021,0.064783124,0.011445748,0.056484654,0.000974746,0,0
07/31/1991,0.048526619,0.042221261,0.006901673,0.047644429,0.001689411,0.003562937,-0.028323381,0.033361609,-0.000204274,0,0
08/30/1991,-0.001775591,0.011970892,-0.011605141,0.017106646,-0.016595919,-0.032732677,-0.096598514,0.058086649,-0.001891755,0,0
09/30/1991,0.020554356,0.022112288,-5.15E-05,0.027161323,-0.004966798,6.30E-03,-0.044267835,0.04576196,-7.94E-03,0,0
10/31/1991,0.005977878,0.005533528,0.000604315,0.010366429,-0.004181891,0.002299646,-0.018941835,0.020356703,-0.009686421,0,0
11/29/1991,-0.032498783,-0.024968614,-0.007055735,-0.020429357,-0.011656964,0.012747701,-0.031779986,0.045035351,-0.006045749,0,0
12/31/1991,-0.045341468,-0.056475777,0.01493835,-0.052249508,0.010412473,-0.045732609,-0.070569505,0.036029555,-0.000604046,0,0
01/31/1992,0.01788579,0.011713041,0.00655908,0.016072983,0.002239963,0.023712119,0.006215082,0.018300123,0.007358826,0,0
02/28/1992,-0.014719406,-0.012257075,-0.001751663,-0.008154561,-0.005880661,-0.008804548,-0.054146076,0.046366208,-0.001765773,0,0
03/31/1992,0.004691169,0.00435281,0.001120815,0.00838356,-0.002880904,0.003300034,-0.028023366,0.029324513,-0.007033912,0,0
04/30/1992,-0.002310886,-0.002186132,-7.20E-05,0.001706289,-0.003957492,3.88E-02,-0.003469255,0.044266682,-4.53E-03,0,0
05/29/1992,0.023399585,0.014506635,0.008912076,0.018341808,0.005112416,0.051002454,0.033449104,0.017657492,0.001985822,0,0
06/30/1992,-0.004223914,-0.004937886,0.001123089,-0.001297555,-0.002526066,0.041524434,-0.001969259,0.043503835,0.001764513,0,0
07/31/1992,-0.016120424,-0.021025813,0.005573346,-0.017572912,0.002039094,0.058270314,0.041616475,0.018598986,-0.000360531,0,0
08/31/1992,-0.011643108,-0.001861731,-0.009352259,0.001502108,-0.012679641,0.023781984,-0.009084,0.032329429,-0.000563336,0,0
09/30/1992,0.014359232,0.009275711,0.005437981,0.012530675,0.002205818,-0.002434518,-0.022783414,0.020820041,-0.005148659,0,0
10/30/1992,-0.018892964,-0.021703378,0.002914358,-0.018707071,-0.000147968,-0.024860744,-0.027370704,0.002496083,-0.001373739,0,0
11/30/1992,0.008723284,0.011214501,-0.001978659,0.0141855,-0.004902306,-0.016274997,-0.051020624,0.033915835,-0.000887892,0,0
12/31/1992,-0.007117654,-0.013116375,0.007354501,-0.010288385,0.004476098,0.002980275,-0.020357599,0.027397551,0.000906146,0,0
01/29/1993,-0.007420771,-0.012470077,0.005278224,-0.009693404,0.002459572,0.051456367,0.037606903,0.014041275,0.00324601,0,0
02/26/1993,0.010042694,0.014702503,-0.00321568,0.017491323,-0.005947744,-0.001416876,-0.051869939,0.050378456,-0.000696152,0,0
03/31/1993,0.022781041,0.02176636,0.002046211,0.02450718,-0.000634519,0.014245459,-0.021195068,0.032635455,-0.003968926,0,0
04/30/1993,0.015565935,0.011288623,0.00535837,0.013922379,0.00274686,0.029421478,-0.023374116,0.054271812,0.001187821,0,0
05/31/1993,-0.021996788,-0.026178798,0.004421106,-0.023694477,0.001865241,0.02228497,0.011399824,0.011435797,0.002897615,0,0
06/30/1993,-0.008443361,-0.005570475,-0.002717268,-0.003076451,-0.005212192,0.036734693,0.014675047,0.022798109,-0.000714069,0,0
07/30/1993,0.023961241,0.020730139,0.003060023,0.023252971,0.000586978,0.05277837,0.029086999,0.023608851,-0.004669087,0,0
08/31/1993,-0.0108783,-0.002265599,-0.008147524,0.000190291,-0.010582941,-0.049626279,-0.079341019,0.028648963,-0.004698232,0,0
09/30/1993,-0.011553125,-0.007106452,-0.004191889,-0.004672537,-0.00662698,-0.056894104,-0.070977234,0.013763631,-0.005192913,0,0
10/29/1993,-0.010322721,-0.008276446,-0.00205476,-0.005829955,-0.004510541,0.054954541,0.043207033,0.011694826,-0.008027907,0,0
11/30/1993,-0.00479822,0.00231753,-0.006961292,0.004794898,-0.009409674,0.004503307,-0.021991303,0.025109704,-0.007009795,0,0
12/31/1993,0.013581647,0.011729806,0.002004176,0.014221564,-0.000457566,0.094898215,0.077758876,0.018403286,-0.004786829,0,0
01/31/1994,0.024291214,0.026670936,-0.002424776,0.029194636,-0.004870942,0.000442599,-0.019313757,0.01766994,-0.003345025,0,0
02/28/1994,-0.005153569,-0.00848208,0.004804991,-0.006040768,0.00233704,-0.019518878,-0.073886715,0.056703462,0.00063493,0,0
03/31/1994,-0.004534585,-0.004272483,0.000185059,-0.001793251,-0.002299087,-0.011969038,-0.040370557,0.028045226,-0.000617997,0,0
04/29/1994,0.010373031,0.013174841,-0.002808421,0.015737851,-0.005324633,0.029222033,0.008916669,0.020245868,-0.002906149,0,0
05/31/1994,0.042320713,0.040233469,0.002064078,0.042932191,-0.000528893,-0.0854138,-0.093159212,0.008432587,-0.001060126,0,0
06/30/1994,0.009105685,0.007642672,0.001654746,0.010331353,-0.001010845,0.03982277,0.006276266,0.033430388,-0.000967036,0,0
07/29/1994,0.003016066,-2.98E-05,0.003577796,0.002713681,8.32E-04,-0.015746563,-0.044272725,2.83E-02,-0.001563035,0,0
08/31/1994,-0.019891325,-0.016679771,-0.002689866,-0.013900003,-0.005501235,0.006909552,-0.021673035,0.029575017,-7.93247E-05,0,0
09/30/1994,-0.003458609,0.001124262,-0.004286883,0.004058515,-0.007196747,-0.028296015,-0.055124192,0.026334375,-0.003204485,0,0
10/31/1994,0.009007512,0.022871642,-0.011497879,0.025989772,-0.014502079,0.041211974,0.038816543,0.003365007,-0.010877467,0,0
11/30/1994,-0.011066594,-0.0047977,-0.006913548,-0.001630608,-0.010063881,0.101912411,0.067940834,0.034695155,-0.014718369,0,0
12/30/1994,0.03011171,0.028847893,0.00117274,0.032288349,-0.002164013,-0.003411805,-0.019948218,0.016450475,-0.005259805,0,0
01/31/1995,-0.01708382,-0.018490351,0.001446666,-0.015042881,-0.002058519,-0.002912177,-0.004620567,0.001684364,-0.001446162,0,0
02/28/1995,-0.013401583,-0.014261868,0.001193356,-0.010610667,-0.002501406,0.004399968,-0.028112009,0.03270716,-0.000995602,0,0
03/31/1995,0.011553431,0.010929272,0.001815556,0.014835528,-0.002040584,-0.02755253,-0.055128297,0.028598342,-0.002608762,0,0
04/28/1995,0.019116272,0.016417105,0.003255607,0.020494953,-0.000753353,0.026521871,-0.010027067,0.037575623,-0.000920327,0,0
05/31/1995,-0.003541298,-0.009052888,0.005774845,-0.004957226,0.001635009,-0.003325433,-0.017334129,0.014783052,0.001649671,0,0
06/30/1995,-6.54E-05,-0.013877138,0.016675899,-9.71E-03,0.01239268,0.015504529,-4.46E-02,0.070191338,0.001845233,0,0
07/31/1995,0.017401494,0.011384702,0.006333962,0.015750453,0.002008684,-0.039562099,-0.065553196,0.026596926,0.003821907,0,0
08/31/1995,0.01056675,0.009701141,0.00100806,0.014136839,-0.003370214,0.015644466,-0.004639887,0.019845629,0.001455872,0,0
09/29/1995,0.002692969,-0.000576304,0.003505723,0.003862726,-0.000931728,0.001332015,-0.026005165,0.027704884,-0.001627458,0,0
10/31/1995,0.013489372,0.012210262,0.001503279,0.016744413,-0.002962905,-0.039163516,-0.056999863,0.017577393,-0.002322733,0,0
11/30/1995,0.006512304,0.006039213,0.000875265,0.010565066,-0.003607192,-7.13979E-05,-0.028397681,0.027574898,-0.002842232,0,0
12/29/1995,0.03861323,0.029589008,0.008402608,0.034204457,0.003902307,0.026335825,0.000154895,0.024426888,0.001620416,0,0
01/31/1996,0.008735674,-0.008684191,0.018146618,-0.004277756,0.013640946,-0.022384385,-0.064210226,0.043952813,0.011770309,0,0
02/29/1996,0.019217284,0.000602772,0.020253079,0.004989553,0.015799673,0.074833058,0.01370672,0.065736483,0.012907942,0,0
03/29/1996,0.037243868,0.026877536,0.01019829,0.03132035,0.005846467,0.037655036,-0.00239631,0.037396108,0.011929386,0,0
04/30/1996,0.034931187,0.016323844,0.018310048,0.020673897,0.013970069,0.067869766,0.004535884,0.062831219,0.013883968,0,0
05/31/1996,-0.013042159,-0.023143189,0.011030649,-0.01900604,0.006766825,-0.031668385,-0.059463627,0.029527673,0.014534563,0,0
06/28/1996,-0.007716753,-0.025007193,0.019204506,-0.020916027,0.014945693,0.006196527,-0.038448257,0.049586033,0.011545201,0,0
07/31/1996,-0.017276094,-0.026943196,0.010100288,-0.022885947,0.005906071,0.014089957,-0.005888559,0.018760817,0.010347919,0,0
08/30/1996,0.037173691,0.023452066,0.013241923,0.027703174,0.009050634,0.06730118,0.024921091,0.041127694,0.006353034,0,0
09/30/1996,-0.009566399,-0.014189028,0.005163334,-0.010103417,0.001014713,0.018091971,-0.015299804,0.032150524,0.004899442,0,0
10/31/1996,-0.018557617,-0.022104427,0.004373603,-0.018073037,0.000250056,-0.017412964,-0.038614461,0.019835031,-0.000467343,0,0
11/29/1996,0.031187192,0.020697071,0.010781992,0.024885284,0.006651412,-0.021037697,-0.06883757,0.049266232,0.002041466,0,0
12/31/1996,0.005531987,-0.007651733,0.014310692,-0.003600901,0.010187041,0.038677787,0.008607675,0.033578351,0.008861396,0,0
01/31/1997,0.014473277,0.00166312,0.013898928,0.005759292,0.009769606,-0.059337779,-0.091215219,0.035086948,0.011841788,0,0
02/28/1997,0.01803241,0.001262761,0.017962538,0.005364612,0.013809288,-0.039305411,-0.08986916,0.055052986,0.010256092,0,0
03/31/1997,0.020139102,0.018405053,0.002116748,0.022590657,-0.001985054,0.027177366,0.007828274,0.019256081,0.004953869,0,0
04/30/1997,0.009275741,0.00264575,0.006334259,0.006780553,0.002201288,0.04361066,-0.001794824,0.043042454,0.001339782,0,0
05/30/1997,0.005779898,0.002581401,0.003167206,0.006724589,-0.000961342,0.04893466,0.042969056,0.005687784,0.001294787,0,0
06/30/1997,-0.043268997,-0.055735035,0.016526267,-0.051846644,0.012357478,-0.064605321,-0.112232229,0.059384599,0.006214859,0,0
07/31/1997,0.03685002,0.024907702,0.012672936,0.029129532,0.008518617,0.054525384,0.008667541,0.047034583,0.007488998,0,0
08/29/1997,0.00305179,-0.006097729,0.009964297,-0.002008232,0.00582574,0.030468081,-0.023472596,0.054413098,0.009718626,0,0
09/30/1997,-0.004827082,-0.008371125,0.00468791,-0.004294271,0.000574279,-0.070682736,-0.106455335,0.037292995,0.00786109,0,0
10/31/1997,5.51E-05,-0.001336019,0.001478675,2.77E-03,-0.002623136,-0.0411532,-4.68E-02,0.005459458,-0.000935489,0,0
11/28/1997,-0.035642549,-0.033137026,-0.002414456,-0.02915814,-0.006502949,0.041355011,0.013565003,0.02682901,-0.004304169,0,0
12/31/1997,-0.043942872,-0.04721128,0.003683137,-0.043285252,-0.000435633,-0.00341076,-0.013140142,0.010935311,-0.002904899,0,0
01/30/1998,-0.009141409,-0.010836617,0.001701903,-0.006750864,-0.00241862,-0.000613982,-0.009729241,0.009169107,-0.003368573,0,0
02/27/1998,-0.041681101,-0.036684689,-0.004814999,-0.032703144,-0.008911336,0.008241515,-0.013995888,0.023282769,-0.005098636,0,0
03/31/1998,-0.007633368,0.001133458,-0.007477042,0.005277288,-0.011568297,-0.00749816,-0.035462831,0.024345065,-0.011365098,0,0
04/30/1998,-0.024875237,-0.019678766,-0.004842153,-0.015633437,-0.008931829,0.008559013,-0.008471611,0.019219603,-0.009988842,0,0
05/29/1998,-0.043645108,-0.041511323,-0.002241346,-0.037573272,-0.006323967,0.008620948,-0.002476625,0.011485011,-0.007027907,0,0
06/30/1998,-0.021180533,-0.015970947,-0.00492234,-0.011923381,-0.008998585,-0.015646716,-0.045095958,0.030361568,-0.009122603,0,0
07/31/1998,-0.060969288,-0.062550345,0.002551818,-0.058699974,-0.001549103,0.072165007,0.045553337,0.030560276,-0.008411373,0,0
08/31/1998,-0.059008833,-0.049914245,-0.009027083,-0.046020804,-0.013071506,0.027655659,-0.012583363,0.04196989,-0.003324728,0,0
09/30/1998,0.049621602,0.061552417,-0.009721687,0.065879371,-0.013741737,-0.11124568,-0.135847059,0.018312774,-0.009476924,0,0
10/30/1998,-0.017379507,-0.013590289,-0.004040683,-0.009613665,-0.008039683,-0.010371626,-0.023468147,0.013986339,-0.013728611,0,0
11/30/1998,-0.054720818,-0.039198049,-0.016317458,-0.035378421,-0.020212562,0.069636264,0.017338863,0.054479824,-0.013541743,0,0
12/31/1998,-0.041166017,-0.035680331,-0.005242852,-0.031889075,-0.009138458,0.012722348,-0.010197783,0.022390058,-0.015352296,0,0
01/29/1999,-0.004269661,0.003773835,-0.006375303,0.007663445,-0.010210723,-0.051153515,-0.080684192,0.024917053,-0.013644033,0,0
02/26/1999,-0.030234282,-0.022944603,-0.007516452,-0.019203408,-0.011302227,0.034895197,0.012466549,0.023748163,-0.009399529,0,0
03/31/1999,0.079286109,0.089839165,-0.007840281,0.093966567,-0.011583577,-0.205432773,-0.247886247,0.035313427,-0.011697567,0,0
04/30/1999,0.016029668,0.020462459,-0.00419557,0.024282954,-0.007909842,0.019966085,0.005898099,0.016186032,-0.00790142,0,0
05/31/1999,-0.04686804,-0.049250252,0.002395793,-0.045718619,-0.001313903,0.016134653,0.008978488,0.007441014,-0.004316261,0,0
06/30/1999,0.039451567,0.046319577,-0.005821445,0.050181134,-0.009477078,-0.02460579,-0.057968322,0.030977431,-0.007615696,0,0
07/30/1999,0.005117478,0.004880548,0.000358212,0.00856778,-0.003299007,-0.003705022,-0.005183064,0.001088185,-0.007934782,0,0
08/31/1999,0.050817605,0.058072762,-0.006950201,0.061930537,-0.010557747,0.011708891,-0.023482259,0.033335751,-0.004037192,0,0
09/30/1999,0.025803651,0.026721304,-0.001016523,0.030469551,-0.004650243,0.077646138,0.055182402,0.021748814,-0.004736466,0,0
10/29/1999,-0.026234612,-0.02685228,0.001122689,-0.023268458,-0.002550629,0.010502014,-0.002662048,0.013419372,-0.007371744,0,0
11/30/1999,0.012001935,0.026190231,-0.013451388,0.030019998,-0.017119523,0.090678057,0.047017629,0.041838446,-0.009075352,0,0
12/31/1999,0.012498572,0.006029648,0.006270103,0.009833037,0.002480133,0.062776756,0.046618873,0.015702736,-0.005919901,0,0
01/31/2000,0.031527326,0.024689777,0.006530345,0.02861826,0.00268622,0.067906749,0.046515784,0.020267914,-0.002763845,0,0
02/29/2000,3.54E-05,0.003854482,-0.00391676,7.78E-03,-0.007797159,0.106878966,6.53E-02,0.041622779,-0.000965382,0,0
03/31/2000,0.016713754,0.010915052,0.00797031,0.014940411,0.003972595,-0.057665083,-0.091889717,0.03252269,-0.004053258,0,0
04/28/2000,-0.012495392,-0.010982407,-0.001686713,-0.006955611,-0.005734874,0.040983905,-0.002661958,0.045084612,0.001352769,0,0
05/31/2000,0.039170429,0.031858317,0.007011183,0.036143791,0.002846202,0.040666286,0.024289128,0.015585693,0.001044729,0,0
06/30/2000,0.004715441,0.006230103,-0.002141293,0.010472616,-0.006330845,0.120475504,0.075009417,0.046305747,-0.001467705,0,0
07/31/2000,-0.026397489,-0.039280418,0.015148624,-0.035162268,0.010815736,-0.053236847,-0.094352092,0.047660569,0.000168298,0,0
08/31/2000,0.059470339,0.065468608,-0.006319264,0.07013525,-0.010652504,0.152348044,0.101033279,0.048658707,0.00297775,0,0
09/29/2000,-0.00570955,-0.012131607,0.0069993,-0.007720576,0.002522834,-0.0291148,-0.058858736,0.031242699,-0.001558206,0,0
10/31/2000,-0.025486729,-0.029194155,0.003844901,-0.024775147,-0.000703793,0.039848825,0.028294639,0.011819657,-0.00208861,0,0
11/30/2000,0.031447323,0.038982969,-0.007341264,0.043796065,-0.011918557,0.010230449,-0.043013088,0.051788473,-0.00211421,0,0
12/29/2000,-0.007167066,-0.015361939,0.008930801,-0.010743351,0.004220359,-0.072818254,-0.09725625,0.027755229,-0.001913611,0,0
01/31/2001,-0.017077209,-0.027820016,0.013129438,-0.023223853,0.008362217,-0.049995906,-0.073825712,0.030902167,0.00125094,0,0
02/28/2001,-0.00787883,-0.007630345,0.000766132,-0.002982809,-0.003898879,-0.018198877,-0.061339531,0.044482799,0.003640437,0,0
03/30/2001,-0.045833588,-0.051281252,0.006306555,-0.046894132,0.001674553,-0.019233286,-0.039224309,0.020891013,-0.00267653,0,0
04/30/2001,0.030629377,0.034170475,-0.003582024,0.03884832,-0.008068809,0.077578008,0.037612575,0.037385817,-0.002558094,0,0
05/31/2001,-0.017010824,-0.023007852,0.006244597,-0.01870567,0.001833029,0.090222135,0.075890976,0.015076303,-8.912E-05,0,0
06/29/2001,-0.033396474,-0.034669081,0.001528156,-0.030542501,-0.002734936,0.055060466,0.005882925,0.050649407,0.002561806,0,0
07/31/2001,0.015128813,0.005909608,0.010206814,0.010066247,0.006049597,-0.028240759,-0.060658257,0.034694707,-0.001732013,0,0
08/31/2001,-0.012221269,-0.011123877,-0.001065061,-0.007206776,-0.005006394,0.050956965,0.016841349,0.033794561,-0.000759181,0,0
09/28/2001,-0.058825886,-0.058988172,0.000480449,-0.055437966,-0.003279931,0.015268819,-0.01619187,0.034730173,-0.001260593,0,0
10/31/2001,-0.02801828,-0.020374098,-0.005240791,-0.016920626,-0.008735293,-0.026542055,-0.054397983,0.020955184,-0.007278011,0,0
11/30/2001,0.024629636,0.031832124,-0.007026224,0.035180918,-0.010238478,0.077290267,0.034962311,0.040422587,-0.008722892,0,0
12/31/2001,-0.01421833,-0.012775935,-0.001456793,-0.009855289,-0.004402212,-0.004322877,-0.019699858,0.015580801,-0.006911386,0,0
01/31/2002,-0.011532691,-0.008907947,-0.00236167,-0.006243456,-0.005036568,0.027445744,0.013636241,0.013044075,-0.004581465,0,0
02/28/2002,0.020741613,0.025714873,-0.003638765,0.028256007,-0.006101077,0.013482043,-0.040172258,0.052388235,-0.003768876,0,0
03/29/2002,0.072709337,0.075449845,-0.002107202,0.077898769,-0.004374356,-0.103376201,-0.126925118,0.023017003,-0.008271557,0,0
04/30/2002,-0.024556728,-0.026505061,0.004061154,-0.02444888,0.001944881,0.023347338,-0.020846741,0.051890047,-0.003172321,0,0
05/31/2002,0.017347091,0.016146908,0.001171672,0.018147313,-0.00079538,0.066106191,0.062210911,0.004256712,-0.00191664,0,0
06/28/2002,0.025301056,0.022168243,0.004523562,0.02405296,0.002674788,-7.99752E-05,-0.05381641,0.054443693,-0.000765197,0,0
07/31/2002,0.011523627,0.004182666,0.008130575,0.005904824,0.006404606,0.036334306,0.0034234,0.035126818,0.001151068,0,0
08/30/2002,0.030838409,0.030431488,0.00106751,0.032074216,-0.000525865,-0.006107133,-0.047049729,0.03913995,0.002952079,0,0
09/30/2002,0.031392597,0.043049394,-0.009378271,0.044596082,-0.010845041,0.000388841,-0.047386478,0.040581505,-0.001151027,0,0
10/31/2002,0.014395005,0.014386019,0.000119473,0.015834142,-0.001306248,-0.032963909,-0.042988619,0.010288139,-0.006538325,0,0
11/29/2002,0.005336062,0.013555488,-0.006398885,0.01496154,-0.007775346,-0.029805603,-0.080840985,0.046610998,-0.003200957,0,0
12/31/2002,0.016107505,0.01115182,0.004711098,0.012516432,0.003357005,0.072608071,0.066263359,0.006580028,-0.003091658,0,0
01/31/2003,0.061544254,0.058729017,0.002654773,0.060120834,0.001338402,0.000531942,-0.027392229,0.025671971,0.001476372,0,0
02/28/2003,0.02970503,0.021070496,0.007915053,0.022372918,0.006631049,0.156143702,0.100070598,0.051955027,0.003515251,0,0
03/31/2003,-0.062488929,-0.077639993,0.022847112,-0.076500138,0.021584635,-0.080564317,-0.148847401,0.089932346,0.007438545,0,0
04/30/2003,-0.001003803,-0.009269469,0.011067553,-0.008088581,0.00986386,-0.073622692,-0.128328443,0.05994466,0.008575995,0,0
05/30/2003,0.030632644,0.028111758,0.002527364,0.029292802,0.001377032,0.010056128,-0.006165816,0.015369517,0.00602512,0,0
06/30/2003,-0.00939731,-0.010123667,0.001191253,-0.009028626,8.49195E-05,0.045784444,0.010838356,0.03444173,0.003816681,0,0
07/31/2003,0.021801312,0.013678346,0.009489741,0.014745446,0.008428168,-0.001705016,-0.002286087,-0.001454047,0.002170525,0,0
08/29/2003,0.039921953,0.040481815,-0.000700895,0.041524295,-0.001701112,0.066406999,0.031511907,0.032144633,0.004764329,0,0
09/30/2003,0.009886262,0.007505374,0.002963123,0.008466419,0.002007322,0.033125884,0.005624175,0.02803131,0.003589936,0,0
10/31/2003,0.049810994,0.045810282,0.004075357,0.04676406,0.003160476,0.046076277,0.021408902,0.024524294,-0.000194623,0,0
11/28/2003,0.00969826,0.017485854,-0.007601035,0.018380247,-0.00847261,0.052760883,0.008759381,0.043088945,-0.00154973,0,0
12/31/2003,0.047828124,0.048798589,5.88E-05,0.049699587,-0.000799581,-9.64E-03,-0.040695934,0.031925045,-3.92E-03,0,0
01/30/2004,0.029397414,0.026103244,0.003580453,0.026965691,0.002737645,-0.024165168,-0.033399012,0.009038536,-0.004721721,0,0
02/27/2004,0.062745066,0.062114832,0.000788221,0.062988549,-3.43709E-05,0.079260669,0.044930174,0.033568822,0.000571147,0,0
03/31/2004,0.022406566,0.017223509,0.005297116,0.018043508,0.004487385,-0.012642943,-0.025355832,0.013213693,-0.000458009,0,0
04/30/2004,-0.017448954,-0.012601592,-0.004873355,-0.011818544,-0.005661908,0.082150738,0.052440089,0.029244225,0.002991093,0,0
05/31/2004,0.014936791,0.014255766,0.00072309,0.015049648,-5.95868E-05,0.005706631,-0.000155146,0.005794043,-0.001666655,0,0
06/30/2004,-0.02367063,-0.026792634,0.003328288,-0.026032889,0.00254564,0.070584456,0.03529886,0.036379669,0.00629168,0,0
07/30/2004,0.001904201,-0.013067001,0.018375518,-0.012268042,0.017551772,0.014297954,-0.031882941,0.056111566,0.004722148,0,0
08/31/2004,0.007316651,0.009671908,-0.001351172,0.01052257,-0.002191839,0.026412837,-0.023526405,0.047660647,0.011061126,0,0
09/30/2004,0.044203294,0.050889727,-0.005069511,0.051819122,-0.005948639,-0.021013623,-0.059442142,0.032622757,0.001555623,0,0
10/29/2004,-0.000852807,0.000425615,-0.000117449,0.00136187,-0.001052321,0.006174463,-0.022483559,0.025225406,-0.00416039,0,0
11/30/2004,0.014710786,0.024463632,-0.009522666,0.025487706,-0.010511779,0.034959763,-0.002800328,0.036958599,-0.005969901,0,0
12/31/2004,-0.023473059,-0.024976747,0.001586456,-0.023915974,0.000497968,0.057497737,0.048433499,0.009889921,-0.003699999,0,0
01/31/2005,0.010653305,0.008248733,0.002487484,0.009431947,0.00131241,-0.030672753,-0.04088307,0.009748997,-0.00133652,0,0
02/28/2005,0.078642096,0.080759422,-0.001564694,0.082144508,-0.002842637,0.007909593,-0.031783122,0.037180101,-0.000895369,0,0
03/31/2005,0.028838295,0.025031735,0.003726637,0.026470019,0.00232022,0.027781027,0.001833735,0.024213541,-0.002818178,0,0
04/29/2005,-0.039018443,-0.033826124,-0.004962902,-0.032351642,-0.006479117,0.02284669,-0.008271819,0.032444392,-0.002168967,0,0
05/31/2005,-0.006910501,-0.005574747,-0.001347299,-0.003929541,-0.00299677,0.032920975,0.021378652,0.011600285,-0.004500195,0,0
06/30/2005,0.007837712,0.016251047,-0.007757327,0.018061969,-0.009522322,-0.071266901,-0.100368769,0.028381789,-0.003866048,0,0
07/29/2005,0.023650719,0.020388714,0.00406706,0.022328584,0.002161841,0.003260943,-0.022559829,0.027293498,-0.004775848,0,0
08/31/2005,0.032843217,0.038853347,-0.006585951,0.040963883,-0.008600081,0.027145061,-0.008141602,0.032771103,-0.001958569,0,0
09/30/2005,0.024775852,0.02398539,0.00154137,0.026195717,-0.000615854,0.005549528,-0.020812274,0.026250389,-0.003166584,0,0
10/31/2005,-0.034862623,-0.037121837,0.002455662,-0.034926476,0.000175263,0.047982476,0.034080023,0.01571204,-0.004023247,0,0
11/30/2005,0.008113243,0.024820469,-0.016297944,0.027297128,-0.018669502,0.071485878,0.027517404,0.041821501,-0.006775277,0,0
12/30/2005,0.049423187,0.051751217,-0.002060565,0.054410932,-0.004577833,0.043467373,0.031068065,0.01177976,-0.01035574,0,0
01/31/2006,0.049303153,0.049536229,-0.000443522,0.052318643,-0.003086429,0.01986918,0.001351101,0.01771233,-0.005458878,0,0
02/28/2006,-0.039477929,-0.029411109,-0.010295359,-0.026714471,-0.013037489,0.056937,0.03365108,0.024287577,-0.006927456,0,0
03/31/2006,0.013240058,0.017501572,-0.003386075,0.020450983,-0.006266589,-0.011149611,-0.040523048,0.02849806,-0.011759931,0,0
04/28/2006,0.058902706,0.07033189,-0.011135178,0.073563217,-0.014111571,0.112942661,0.085872445,0.026215226,-0.008481806,0,0
05/31/2006,4.67E-06,0.0023363,-0.002435789,5.48E-03,-0.005558858,0.033636934,2.53E-02,0.007827844,-0.008066711,0,0
06/30/2006,-0.003814516,0.006542375,-0.010089155,0.009825679,-0.013307709,0.001392091,-0.030368611,0.032152623,-0.006021129,0,0
07/31/2006,0.014130755,0.013075568,0.002177032,0.016503064,-0.001202159,0.010664033,-0.020667821,0.031513643,-0.00653652,0,0
08/31/2006,-0.02292521,-0.013180074,-0.00946735,-0.009733795,-0.012914557,0.08657686,0.056679107,0.031445694,-0.005818877,0,0
09/29/2006,-0.042232547,-0.032652973,-0.010486043,-0.029178938,-0.014026969,0.02821413,-0.017446884,0.048986697,-0.006946264,0,0
10/31/2006,0.042379823,0.05373725,-0.008640336,0.057613212,-0.01227349,0.099996982,0.049984814,0.041852436,-0.015360982,0,0
11/30/2006,0.052279215,0.070900885,-0.016776907,0.074915746,-0.020449292,-0.021283356,-0.064325841,0.039588617,-0.013302372,0,0
12/29/2006,-0.035332083,-0.034599174,-0.000826326,-0.030912801,-0.004627147,0.02207709,0.017019669,0.005397061,-0.010580368,0,0
01/31/2007,-0.013412592,-0.010256776,-0.002733076,-0.006418007,-0.006586082,-0.024223008,-0.04899347,0.023936778,-0.007414881,0,0
02/28/2007,0.037263206,0.047429884,-0.009333888,0.051535639,-0.013201977,0.007777906,-0.019283082,0.02428468,-0.008375784,0,0
03/30/2007,0.00707371,0.00998865,-0.002293939,0.013981248,-0.006222452,0.025610404,-0.001380099,0.024828952,-0.009814131,0,0
04/30/2007,0.00597037,0.011456132,-0.005728346,0.01548012,-0.009668291,0.063300353,0.042581665,0.020012209,-0.009258854,0,0
05/31/2007,0.017080858,0.013543296,0.003507467,0.017585033,-0.000478356,-0.030517165,-0.041736979,0.011630162,-0.005174666,0,0
06/29/2007,0.008329929,0.013284371,-0.004060044,0.017315628,-0.008006596,-0.073676571,-0.101838438,0.026292172,-0.002932166,0,0
07/31/2007,0.024964094,0.020824683,0.004045154,0.024873033,7.9077E-05,0.004539151,-0.017978992,0.021612605,-0.005523775,0,0
08/31/2007,-0.028903175,-0.023932039,-0.004461974,-0.020070916,-0.0083846,-0.035001731,-0.058719093,0.024438365,-0.004995376,0,0
09/28/2007,0.081161377,0.089522882,-0.007013843,0.093759359,-0.010859993,-0.039833744,-0.073964793,0.028702665,-0.004826424,0,0
10/31/2007,0.012814273,0.013998343,-0.000407041,0.017869978,-0.004209157,0.062279511,0.042082555,0.017106865,-0.008303254,0,0
11/30/2007,-0.023519443,-0.010322046,-0.012383476,-0.006616609,-0.016067401,-0.034565354,-0.080426267,0.044511467,-0.009078798,0,0
12/31/2007,0.031569923,0.030379923,0.001260119,0.034112107,-0.0023535,-0.053458427,-0.055963727,0.002543906,-0.008629139,0,0
01/31/2008,0.045812249,0.047844066,-0.001613183,0.051527279,-0.00511026,-0.00246369,-0.020144179,0.016502065,-0.006193552,0,0
02/29/2008,0.127099687,0.136745832,-0.008198835,0.140506605,-0.011469258,0.042686566,0.010884374,0.027574766,-0.007800612,0,0
03/31/2008,-0.091683187,-0.087189557,-0.003817468,-0.084366365,-0.006889018,0.079869647,0.054420278,0.023452811,-0.011182715,0,0
04/30/2008,0.028685247,0.03640155,-0.007438358,0.039359285,-0.01026292,-0.026256476,-0.057024395,0.028687115,-0.007984573,0,0
05/30/2008,0.000328231,0.001101037,-0.000625987,0.003729516,-0.003243061,0.049702853,0.035789083,0.012722574,-0.005556708,0,0
06/30/2008,0.073779872,0.087327066,-0.011152165,0.089980234,-0.013559163,-0.004439626,-0.042571073,0.031167762,-0.006085777,0,0
07/31/2008,-0.073762964,-0.072076059,-0.001531956,-0.06998576,-0.003776112,0.007949154,0.000625051,0.007636856,-0.007559506,0,0
08/29/2008,-0.061506793,-0.055733778,-0.005767589,-0.053806633,-0.007792577,-0.028570587,-0.047706544,0.019201764,-0.005131259,0,0
09/30/2008,-0.121512462,-0.113100251,-0.008399366,-0.111421682,-0.010272549,0.024314936,0.000266186,0.024357734,-0.003855602,0,0
10/31/2008,-0.209365821,-0.207715383,-0.001782092,-0.206366744,-0.003478387,-0.04026446,-0.04572642,0.006638205,-0.005490363,0,0
11/28/2008,-0.070028819,-0.047210758,-0.022284274,-0.045808245,-0.023721364,-0.0259962,-0.076512068,0.047111557,-0.010515727,0,0
12/31/2008,-0.019338362,-0.014472629,-0.005497875,-0.013229116,-0.006751131,0.116933053,0.110006779,0.008414621,-0.01195284,0,0
01/30/2009,-0.015042908,-0.001674069,-0.013249778,-0.000631506,-0.014279178,0.031234989,-0.0049188,0.035232067,-0.014612372,0,0
02/27/2009,-0.051061134,-0.03407953,-0.016928778,-0.033182397,-0.017840993,-0.013215972,-0.045070036,0.031001752,-0.013741603,0,0
03/31/2009,0.044189172,0.054051411,-0.008616554,0.054918006,-0.009430956,0.00751946,-0.025604296,0.029458861,-0.018293322,0,0
04/30/2009,0.020253375,0.033335852,-0.012724136,0.034103481,-0.013457004,0.064323433,0.032090113,0.031118228,-0.014051163,0,0
05/29/2009,0.134221373,0.141810868,-0.006513041,0.142559086,-0.007163638,-0.026234541,-0.04694494,0.017667479,-0.009578592,0,0
06/30/2009,-0.026460304,-0.017027986,-0.009571594,-0.016499529,-0.010103773,0.024720159,-0.01027333,0.035131259,-0.005787684,0,0
07/31/2009,0.028812999,0.025928787,0.0040552,0.026359662,0.003633689,0.080390936,0.05350719,0.027618911,-0.005327265,0,0
08/31/2009,-0.005232134,0.000366212,-0.005372693,0.000683025,-0.005687589,0.015825662,-0.030332068,0.048627729,-0.001337149,0,0
09/30/2009,0.012221431,0.030172375,-0.011843809,0.030387263,-0.012049889,-0.007878806,-0.075131818,0.049310421,-0.002072876,0,0
10/30/2009,0.042846287,0.051661561,-0.008370748,0.051824241,-0.008524118,0.008358121,-0.010609168,0.018060364,-0.013647985,0,0
11/30/2009,0.037906951,0.057341246,-0.017806159,0.05747477,-0.017930178,0.017225711,-0.026353285,0.039722004,-0.012828009,0,0
12/31/2009,0.015462063,0.020865823,-0.004965235,0.020998285,-0.005094328,-0.024952666,-0.033970899,0.008150958,-0.01131653,0,0
01/29/2010,-0.073763161,-0.068315979,-0.005443613,-0.068198322,-0.005569194,0.060367735,0.045984308,0.014137851,-0.007665665,0,0
02/26/2010,0.03442672,0.044939752,-0.009247062,0.045058667,-0.009359799,-0.025885946,-0.049082594,0.023358558,-0.005165155,0,0
03/31/2010,-0.003092048,0.001373607,-0.004169408,0.001478541,-0.00427375,-0.001030164,-0.011379797,0.009088227,-0.008553889,0,0
04/30/2010,0.028564604,0.03906696,-0.009917946,0.039172242,-0.010018255,-0.002240506,-0.027283613,0.023621914,-0.006819243,0,0
05/31/2010,-0.080536325,-0.077452159,-0.003270167,-0.077357404,-0.003372531,0.011817691,0.003166877,0.008972533,-0.006005893,0,0
06/30/2010,0.01498524,0.023723882,-0.007873491,0.023830449,-0.007976759,-0.035000886,-0.067148517,0.029699109,-0.005508815,0,0
07/30/2010,0.087524985,0.085188339,0.002441037,0.085300552,0.002337391,-0.061380277,-0.06513545,0.002732812,-0.002999276,0,0
08/31/2010,-0.016152637,-0.010365122,-0.005371063,-0.010264848,-0.005471832,0.003830266,-0.025288043,0.029116387,0.000778932,0,0
09/30/2010,0.079436747,0.083347957,-0.003876924,0.083456975,-0.003977155,0.039940327,0.0132384,0.025070929,-0.001436085,0,0
10/29/2010,0.053560837,0.058023815,-0.004301439,0.058131752,-0.004403007,0.020455096,0.011195495,0.008981703,-0.004838674,0,0
11/30/2010,-0.004516812,0.008355013,-0.012379173,0.008462781,-0.012484714,0.04210125,0.005068392,0.036076394,-0.006244519,0,0
12/31/2010,0.107743181,0.109854625,-0.001925954,0.109981709,-0.002040226,0.015067393,0.013313475,0.001580135,-0.004899732,0,0
01/31/2011,0.034904771,0.039401207,-0.004073059,0.039524552,-0.00419123,-0.011065203,-0.023679702,0.011386881,-0.001296335,0,0
02/28/2011,0.03094299,0.034768343,-0.003233619,0.034897599,-0.003358112,0.049330138,0.018797925,0.030170076,-0.003145057,0,0
03/31/2011,0.007294628,0.014305639,-0.006253612,0.014433042,-0.006378417,-0.032188122,-0.050210549,0.015866497,-0.00767258,0,0
04/29/2011,0.014504951,0.017330238,-0.001817162,0.017453081,-0.001937679,0.027886323,0.000681072,0.029687807,-0.004629152,0,0
05/31/2011,-0.044050905,-0.042496134,-0.001609366,-0.042387158,-0.001722984,-0.039989501,-0.044203311,0.004543886,-2.35283E-05,0,0
06/30/2011,-0.038512619,-0.037668604,-0.000789803,-0.037566422,-0.00089589,0.048163224,0.023594329,0.029474009,-0.001030725,0,0
07/29/2011,0.026100133,0.026617093,-0.000418481,0.026715417,-0.000514207,0.010866485,-0.007024231,0.017408603,-0.000323599,0,0
08/31/2011,0.015049168,0.021677368,-0.005663325,0.021771676,-0.005755101,-0.020702661,-0.044351412,0.021685966,-0.000768259,0,0
09/30/2011,-0.138332018,-0.138271044,-5.25E-05,-0.138198677,-0.000136505,1.62E-02,0.002283865,0.014816354,-1.35E-06,0,0
10/31/2011,0.049734516,0.05286985,-0.002947805,0.052948042,-0.003021846,0.033812906,0.017717814,0.015248838,-0.001492468,0,0
11/30/2011,-0.035884299,-0.02810458,-0.007997974,-0.028039821,-0.008064068,0.031888475,0.005498889,0.027288583,-0.004172015,0,0
12/30/2011,-0.020555698,-0.018343193,-0.002203523,-0.018288683,-0.002258927,0.000960317,-0.002603744,0.003652429,-0.003666245,0,0
01/31/2012,0.036120365,0.039429836,-0.003158509,0.039480341,-0.003206943,0.090974135,0.0809813,0.009701857,-0.004016065,0,0
02/29/2012,0.024569319,0.031204406,-0.00640848,0.031248073,-0.006450552,0.028497785,0.011763066,0.016175765,-0.003890335,0,0
03/30/2012,-0.027570977,-0.023169155,-0.00455372,-0.023131856,-0.004591727,0.043676198,0.026281905,0.018245225,-0.007709112,0,0
04/30/2012,-0.007218798,-0.003013622,-0.003748127,-0.002976938,-0.003784783,-0.009227464,-0.030775278,0.021701523,-0.005507261,0,0
05/31/2012,-0.086902281,-0.084562226,-0.002147077,-0.084526002,-0.002186562,-0.075263165,-0.085836037,0.010630266,-0.002390293,0,0
06/29/2012,0.045860742,0.046297244,-0.000317235,0.046340099,-0.000358179,-0.005870432,-0.034671508,0.026057011,0.000733422,0,0
07/31/2012,0.055576624,0.050971187,0.005158195,0.05101861,0.005112841,0.058652147,0.029012903,0.031251742,0.003010275,0,0
08/31/2012,0.02951642,0.02840013,0.000893265,0.028447248,0.000847409,0.009947962,-0.012779862,0.021794403,0.003807583,0,0
09/28/2012,0.014499172,0.018083638,-0.003105504,0.01813523,-0.003156019,-0.028904574,-0.052686586,0.022700502,0.000852819,0,0
10/31/2012,-0.037675294,-0.035128507,-0.002058046,-0.035074254,-0.002114155,0.002999518,-0.016456993,0.018996311,-0.002427405,0,0
11/30/2012,0.009430738,0.018057796,-0.008265373,0.018122106,-0.008328016,0.001502314,-0.027604027,0.028310099,-0.004286805,0,0
12/31/2012,-0.02477439,-0.023771644,-0.000942641,-0.023705234,-0.0010106,0.012217687,0.00461136,0.007580737,-0.004179805,0,0
01/31/2013,0.02781485,0.030636651,-0.002758839,0.030708909,-0.002828752,0.033010056,0.022758955,0.009984937,-0.003843094,0,0
02/28/2013,-0.042069701,-0.036740821,-0.005383896,-0.036672618,-0.005454314,0.018976838,0.005806387,0.01354868,-0.003086708,0,0
03/29/2013,-0.008541831,-0.002951293,-0.004922236,-0.002878622,-0.004994758,-0.023343912,-0.044185726,0.019324365,-0.005330698,0,0
04/30/2013,-0.02291493,-0.02055088,-0.00217162,-0.020479492,-0.002244343,0.003559745,-0.015377436,0.019119821,-0.003462341,0,0
05/31/2013,-0.017442545,-0.016281789,-0.001180229,-0.016213503,-0.001249559,0.030418955,0.026261004,0.004253602,-0.000867022,0,0
06/28/2013,-0.035008675,-0.044711038,0.012350363,-0.044646715,0.012282203,0.027190648,-0.025324437,0.061030936,0.004295387,0,0
07/31/2013,0.009937784,0.007416708,0.003280172,0.007481046,0.003216103,-0.009764701,-0.030400805,0.022544206,0.004561055,0,0
08/30/2013,0.03293341,0.031834886,0.001228859,0.031895771,0.001169784,0.02212371,-0.001606326,0.024084948,0.001471165,0,0
09/30/2013,-0.013922431,-0.011981615,-0.001657301,-0.01192743,-0.001712048,-0.040755978,-0.060484397,0.019441547,0.001320917,0,0
10/31/2013,-0.005246235,-0.003864388,-0.001346083,-0.003815289,-0.001395303,0.00441915,-0.004985615,0.009379968,-0.001973445,0,0
11/29/2013,-0.006936321,-0.002533736,-0.004334671,-0.002489417,-0.004378908,0.03910827,0.01179632,0.026739204,-0.001944701,0,0
12/31/2013,0.004056744,0.003815265,0.000349713,0.003858473,0.000306656,0.006793111,-0.000650677,0.007600555,-0.001313259,0,0
01/31/2014,0.005211605,0.007759849,-0.002380833,0.007804626,-0.002425157,0.013761019,0.00396239,0.009169063,-0.001125124,0,0
02/28/2014,0.078404898,0.07171592,0.006872439,0.071759819,0.006831199,-0.027641084,-0.081129171,0.049690685,0.001901419,0,0
03/31/2014,0.010234343,0.008770735,0.00201118,0.008807855,0.00197431,-0.029261078,-0.0487405,0.019001983,0.004047634,0,0
04/30/2014,0.026858995,0.023380953,0.004003422,0.02341719,0.003967873,0.005641307,-0.020993583,0.027528303,0.003150154,0,0
05/30/2014,-0.019964359,-0.020991785,0.001015233,-0.020958478,0.000981179,0.073957005,0.068005249,0.005938903,0.002438328,0,0
06/30/2014,0.006813702,-0.006906189,0.018892201,-0.006872404,0.018857539,-0.038486709,-0.11237206,0.088528541,0.002757548,0,0
07/31/2014,-0.031929015,-0.035851827,0.005437085,-0.035819026,0.00540288,-0.045976174,-0.038376657,-0.011701832,0.002181623,0,0
08/29/2014,-0.008543497,-0.008649181,0.000493973,-0.008616143,0.000460631,0.007110146,-0.019776198,0.027161912,0.000173008,0,0
09/30/2014,-0.055750786,-0.052978099,-0.002391697,-0.052946539,-0.002424943,0.032155093,0.004756644,0.026880648,0.001245294,0,0
10/31/2014,0.002648488,0.002345104,0.000446712,0.002378508,0.000413372,-0.02726652,-0.036334469,0.0096834,0.000678297,0,0
11/28/2014,-0.036486845,-0.035683241,-0.00038697,-0.035652443,-0.000418894,-0.012863429,-0.037710447,0.025425449,0.000802416,0,0
12/31/2014,-0.067168319,-0.067853176,0.000627025,-0.067812166,0.000583004,-0.002835092,-0.00914198,0.006460374,0.000597251,0,0
01/30/2015,-0.05084699,-0.048325452,-0.002661113,-0.048271315,-0.002717843,0.026785855,0.017574973,0.009906371,-0.00274059,0,0
02/27/2015,0.023661704,0.034674236,-0.009331471,0.034749842,-0.009403857,0.013834187,-0.022052648,0.030401437,-0.003745095,0,0
03/31/2015,-0.041994077,-0.035049698,-0.006127589,-0.03496499,-0.006214829,0.038683985,-0.001627733,0.038459436,-0.006449934,0,0
04/30/2015,0.050810288,0.057608389,-0.006288143,0.057717446,-0.006390599,0.00424915,-0.012544608,0.015282108,-0.005523732,0,0
05/29/2015,-0.02544496,-0.023711031,-0.001778276,-0.023593495,-0.001898438,0.0123367,0.003564757,0.008835539,-0.003802842,0,0
06/30/2015,0.023949725,0.026537177,-0.00229217,0.026678139,-0.002429154,-0.06780711,-0.096488877,0.025800262,-0.002944812,0,0
07/31/2015,-0.091476596,-0.094534579,0.003661117,-0.094394949,0.003506368,0.031012318,0.012525476,0.02110952,-0.001850835,0,0
08/31/2015,-0.020842117,-0.017030218,-0.003116273,-0.016859618,-0.003289257,0.008296704,-0.022162671,0.032812626,0.000244991,0,0
09/30/2015,-0.026342267,-0.02322871,-0.002493758,-0.023038904,-0.002687555,0.005808701,-0.023352696,0.028106384,0.000522541,0,0
10/30/2015,0.005765906,0.007760375,-0.002267718,0.007977547,-0.002482683,-0.005136488,-0.021443003,0.016565631,-0.002754887,0,0
11/30/2015,-0.060117894,-0.049066169,-0.011586523,-0.048840501,-0.01182103,0.02914124,0.003420445,0.027078478,-0.007066502,0,0
12/31/2015,-0.022804588,-0.019311882,-0.003868739,-0.019066717,-0.004117702,0.043981189,0.032862221,0.012116734,-0.005890511,0,0
01/29/2016,-0.029397973,-0.020285793,-0.008839946,-0.020016576,-0.009112233,0.005094141,-0.01829166,0.02229178,-0.007836542,0,0
02/29/2016,-0.007992446,0.008558595,-0.015750683,0.008860917,-0.01604563,0.097992398,0.054069422,0.041258534,-0.012399882,0,0
03/31/2016,0.035101989,0.045384231,-0.008394699,0.045724544,-0.008717399,-0.064531944,-0.111423464,0.043109096,-0.010103662,0,0
04/29/2016,0.068489805,0.078102297,-0.008805753,0.078480052,-0.009152935,-0.048818326,-0.064915762,0.014198833,-0.00624748,0,0
05/31/2016,-0.001546908,0.002417526,-0.003772039,0.002793673,-0.004145723,-0.043989424,-0.058760619,0.014017121,-0.004924812,0,0
06/30/2016,0.033410959,0.037628319,-0.003910634,0.038046649,-0.004312055,-0.033279228,-0.056109654,0.021498854,-0.003816505,0,0
07/29/2016,-0.042466229,-0.044441023,0.003376523,-0.044031167,0.002946343,0.010978221,-0.005248078,0.021948603,-0.000200315,0,0
08/31/2016,-0.009287156,-0.004269708,-0.00508555,-0.003811471,-0.0055432,-0.029676114,-0.064574027,0.034663208,-0.000941192,0,0
09/30/2016,0.019765727,0.021651465,-0.000394832,0.022157837,-0.000890032,-0.066969389,-0.087843166,0.024030999,-0.002711637,0,0
10/31/2016,0.005377151,0.007543219,-0.002044067,0.008079589,-0.002575051,-0.020900494,-0.035300655,0.014395341,-0.005414531,0,0
11/30/2016,0.015181049,0.03085235,-0.014613106,0.031440515,-0.015175009,0.038314837,-0.004222332,0.039959735,-0.007491691,0,0
12/30/2016,0.002075857,0.004557744,-0.002268365,0.005167039,-0.002873154,-0.125778424,-0.134564959,0.008321472,-0.006659069,0,0
01/31/2017,0.01747107,0.021746359,-0.004226174,0.022393411,-0.004856379,0.006610438,-0.005688794,0.01220056,-0.004868254,0,0
02/28/2017,-0.003487937,0.009509098,-0.012298751,0.010177982,-0.012952752,-0.019062973,-0.046160239,0.024681937,-0.007735743,0,0
03/31/2017,-0.023741486,-0.019477615,-0.003491835,-0.018798597,-0.004181446,0.005299949,-0.025536506,0.029734717,-0.006255652,0,0
04/28/2017,-0.017340123,-0.009456058,-0.007747039,-0.008734263,-0.008469552,-0.003214489,-0.01861643,0.015144452,-0.004652171,0,0
05/31/2017,-0.009836647,-0.010138905,0.000301743,-0.009380782,-0.00046379,-0.005684399,-0.016927295,0.011508523,-0.004030227,0,0
06/30/2017,0.00318454,0.009465162,-0.005523122,0.010275047,-0.006320342,-0.017549306,-0.039765588,0.021339656,-0.002742675,0,0
07/31/2017,0.027220953,0.021481402,0.00717774,0.022346686,0.006325294,-0.028970486,-0.047185303,0.022143819,-0.00059053,0,0
08/31/2017,-0.001519459,0.002856415,-0.004916071,0.003744328,-0.005796322,0.09005581,0.062452434,0.028492865,0.000187624,0,0
09/29/2017,0.006277241,0.005582928,0.000991044,0.006506666,7.23689E-05,0.013425654,-0.014277408,0.027776813,-0.001531494,0,0
10/31/2017,0.025007962,0.025980079,-0.001099421,0.026956768,-0.002049428,0.03915277,0.027397938,0.011756359,-0.004106622,0,0
11/30/2017,-0.006357652,0.005620462,-0.011649791,0.006612474,-0.012623806,0.020807854,-0.018241718,0.038246172,-0.005718865,0,0
12/29/2017,0.02026849,0.020878031,-0.000579497,0.021924313,-0.001602739,0.038976899,0.03553517,0.003642338,-0.004372054,0,0
01/31/2018,0.018929919,0.020129973,-0.001197854,0.021224822,-0.002268665,-0.001817524,-0.015713301,0.013719939,-0.003750669,0,0
02/28/2018,-0.00636876,0.002438602,-0.008263297,0.003566202,-0.009377605,-0.079662478,-0.106997278,0.026213773,-0.003786547,0,0
03/30/2018,-0.013258767,-0.009405091,-0.002682806,-0.008225242,-0.003869248,0.015398129,-0.010405312,0.025096759,-0.00518602,0,0
04/30/2018,0.026641883,0.034057672,-0.006842635,0.035372744,-0.008104087,0.012233533,-0.011106592,0.021615618,-0.004544301,0,0
05/31/2018,0.016659506,0.01620881,0.000520629,0.017585204,-0.000832682,-0.007271808,-0.011983135,0.004451959,-0.003735443,0,0
06/29/2018,-0.038624813,-0.034550563,-0.004467962,-0.033168416,-0.005891138,0.041658768,0.016458291,0.026438171,-0.002336691,0,0
07/31/2018,-0.026899276,-0.035623957,0.012653359,-0.034173927,0.011133025,-0.027116848,-0.056902602,0.040982892,0.000776496,0,0
08/31/2018,-0.02218745,-0.019399543,-0.002754182,-0.017854432,-0.004323048,0.005503005,-0.02020262,0.026336682,0.001258223,0,0
09/28/2018,0.009515837,0.012746155,-0.002908652,0.014412455,-0.0045465,0.045221029,0.032968626,0.011626212,-0.002440088,0,0
10/31/2018,-0.015461281,-0.017354542,0.002058956,-0.015665127,0.000339121,-0.071947148,-0.07984668,0.00819325,-0.005893987,0,0
11/30/2018,-0.024047347,-0.014137529,-0.009047397,-0.012361983,-0.010828901,-0.133240841,-0.16579721,0.031200704,-0.006178922,0,0
12/31/2018,-0.039522182,-0.041191078,0.002066526,-0.039381109,0.000178464,-0.036711501,-0.043648251,0.008088665,-0.003857594,0,0
01/31/2019,0.043575436,0.044521477,-0.000918886,0.046574005,-0.002878271,0.054076299,0.040177174,0.013978887,-0.003785214,0,0
02/28/2019,0.002034046,0.011628288,-0.008623305,0.013683603,-0.010633391,0.05889746,0.030278725,0.025533321,-0.006741207,0,0
03/29/2019,0.00073049,0.011388565,-0.005147184,0.013485389,-0.007205458,-0.038355255,-0.088753885,0.035928986,-0.007888095,0,0
04/30/2019,-0.013303483,-0.008754731,-0.004727724,-0.006679844,-0.006806689,0.052322224,0.03456913,0.01785886,-0.005370602,0,0
05/31/2019,-0.021508681,-0.023781519,0.002556967,-0.021723667,0.000448039,-0.147874059,-0.158519623,0.011969364,-0.004259958,0,0
06/28/2019,0.017919402,0.021568639,-0.003505655,0.023734947,-0.00561432,0.042233413,0.022388162,0.019178016,-0.002833231,0,0
07/31/2019,-0.007592807,-0.01368394,0.006449844,-0.011593475,0.004321217,0.043848431,0.028020187,0.016611952,-0.001092606,0,0
08/30/2019,-0.036592285,-0.037036054,0.001042117,-0.035000628,-0.001069332,0.009067528,-0.010938601,0.022590701,-0.000805406,0,0
09/30/2019,0.033483782,0.035595394,-0.001669242,0.037771172,-0.00376233,0.014081952,-0.011215849,0.023157028,-0.002595565,0,0
10/31/2019,0.016502107,0.01439843,0.002458977,0.016507606,0.00037895,0.003646177,-0.019926362,0.022388779,-0.0047593,0,0
11/29/2019,-0.017798434,-0.007671925,-0.009745191,-0.005653861,-0.011754951,-0.011783303,-0.04978058,0.037120444,-0.005276398,0,0
12/31/2019,0.044325574,0.043266255,0.001052914,0.045327732,-0.000921249,-0.010658718,-0.01724815,0.006172357,-0.003505761,0,0
01/31/2020,-0.073010602,-0.071603271,-0.001680785,-0.069826751,-0.003587456,-0.028061196,-0.038306679,0.01201468,-0.00336323,0,0
02/28/2020,-0.050264332,-0.043552758,-0.006741255,-0.041788077,-0.00857048,-0.058239999,-0.082482937,0.024527859,-0.007425415,0,0
03/31/2020,-0.140914914,-0.13607791,-0.004694949,-0.134553078,-0.006448578,-0.096075298,-0.121735488,0.026734767,-0.006912124,0,0
04/30/2020,-0.022964774,-0.000702899,-0.021769268,0.000981118,-0.023415011,0.040050558,-0.020731424,0.058887435,-0.011454377,0,0
05/29/2020,0.081084284,0.096970358,-0.012773098,0.098665132,-0.014295971,-0.161276201,-0.208014247,0.037735145,-0.025813995,0,0
06/30/2020,0.022413582,0.033739676,-0.011237817,0.035181808,-0.012615281,-0.049274243,-0.058110125,0.007205708,-0.00977271,0,0
07/31/2020,0.058288937,0.061473461,-0.002874246,0.062805539,-0.004124003,0.011635178,-0.002085139,0.013033217,-0.006326883,0,0
08/31/2020,0.060725278,0.067813675,-0.0057677,0.06900415,-0.006874907,0.014484773,-0.014777032,0.025224729,-0.004973059,0,0
09/30/2020,-0.018827177,-0.010280134,-0.008849534,-0.009307088,-0.00982303,-0.036965994,-0.064368682,0.028295941,-0.00823514,0,0
10/30/2020,-0.001489129,0.007051492,-0.006341676,0.007912112,-0.007190125,0.007057032,-0.025670007,0.027302177,-0.01077341,0,0
11/30/2020,0.084434862,0.093199515,-0.008415495,0.094005724,-0.009146226,-0.010554028,-0.03354186,0.021738044,-0.00463203,0,0
12/31/2020,0.052183846,0.053449532,-0.001260114,0.054103679,-0.001879904,-0.02065931,-0.021986918,0.001183844,-0.00228196,0,0
01/29/2021,0.029079914,0.032604981,-0.003252709,0.03312643,-0.003755797,0.005947005,-0.008040391,0.013128283,-0.002012028,0,0
02/26/2021,0.071363306,0.071943744,-0.000104622,0.072369732,-0.00050182,-0.00368485,-0.035121899,0.028431979,-0.003393608,0,0
03/31/2021,-0.029161206,-0.023643118,-0.004775619,-0.023341521,-0.005082949,-0.002327012,-0.023239736,0.018799735,-0.000557538,0,0
04/30/2021,0.0821723,0.084924512,-0.00288841,0.085164997,-0.003109381,0.03648787,0.009668687,0.024276869,-0.000327433,0,0
05/31/2021,0.019499038,0.021345995,-0.001790591,0.021545453,-0.001985492,-0.016677707,-0.019576739,0.002859349,0.002388597,0,0
06/30/2021,0.01306502,0.006461942,0.007546173,0.006643632,0.00736432,-0.026987104,-0.062165417,0.03740042,0.004210833,0,0
07/30/2021,0.019387066,0.014268736,0.006318427,0.01444083,0.006147711,-0.026207528,-0.056747927,0.033434455,0.002911048,0,0
08/31/2021,0.000185515,0.001540115,-0.000910104,0.001700938,-0.001070508,-0.039207525,-0.057263167,0.018211367,0.002922819,0,0
09/30/2021,0.02086649,0.019499719,0.001492477,0.019654841,0.001340117,0.041560557,0.013724537,0.027681697,0.000940365,0,0
10/29/2021,0.040588003,0.039532758,0.000820154,0.039683439,0.000675105,0.054881229,0.045783892,0.008851222,-0.000835731,0,0
11/30/2021,-0.046405057,-0.043844637,-0.00193043,-0.043711586,-0.002069294,-0.105721824,-0.134062975,0.029694486,-0.000228442,0,0
12/31/2021,0.049007489,0.048279222,0.000707029,0.048421134,0.000571576,0.055971564,0.049882106,0.005822329,0.001116684,0,0
01/31/2022,0.0689981,0.069918984,-0.001108828,0.070061652,-0.001242007,0.104029496,0.076069474,0.02371458,0.000340397,0,
