countrycode,country,currency_unit,year,rgdpe,rgdpo,pop,emp,avh,hc,ccon,cda,cgdpe,cgdpo,cn,ck,ctfp,cwtfp,rgdpna,rconna,rdana,rnna,rkna,rtfpna,rwtfpna,labsh,irr,delta,xr,pl_con,pl_da,pl_gdpo,i_cig,i_xm,i_xr,i_outlier,i_irr,cor_exp,statcap,csh_c,csh_i,csh_g,csh_x,csh_m,csh_r,pl_c,pl_i,pl_g,pl_x,pl_m,pl_n,pl_k
GBR,United Kingdom,Pound Sterling,1950,499090.9688,523645.375,50.07424538,23.20790291,2183.943622,2.434504271,468524,543966.625,489859.6875,503021.4688,1391227.375,,,,609157.1875,490513.0313,574459.75,2162772.25,,,,0.551431835,0.229749337,0.0269491,0.357371403,0.079810806,0.078837499,0.076774679,Extrapolated,Extrapolated,Market-based,Regular,Outlier,,,0.759771168,0.149978936,0.171648324,0.152398407,-0.147597581,-0.086199276,0.081503913,0.072792947,0.072316557,0.074098781,0.089125335,0.045725707,
GBR,United Kingdom,Pound Sterling,1951,506361.5313,540520.25,50.23707585,23.55317307,2192.663847,2.444693804,471049.875,578318.875,499639.4375,518355.1875,1484036.5,,,,635156.0625,492840.4688,605507,2307417.25,,,,0.551431835,0.191195428,0.028688703,0.357271356,0.086880274,0.086428635,0.083308034,Extrapolated,Extrapolated,Market-based,Regular,Regular,,,0.725177646,0.206941128,0.183561966,0.159157664,-0.172976032,-0.101862364,0.089346871,0.084445357,0.077135757,0.083894789,0.103975505,0.054953452,
GBR,United Kingdom,Pound Sterling,1952,512638.2188,538868.625,50.37692791,23.54019928,2160.85856,2.454926014,475408.5625,566071,508422.6563,520745.3438,1543488.125,,,,640130.4375,494954.4688,589486.625,2397405.5,,,,0.551431835,0.187004551,0.030023882,0.357271356,0.092547596,0.091735028,0.089564249,Extrapolated,Extrapolated,Market-based,Regular,Regular,,,0.710645974,0.174101338,0.202292681,0.150459781,-0.152553439,-0.084946334,0.095248245,0.087474152,0.083060339,0.091014199,0.106462464,0.057746004,
GBR,United Kingdom,Pound Sterling,1953,543159.9375,566292.6875,50.53975457,23.65295982,2164.779889,2.465200901,497974.9688,600233.375,539570.75,550404.8125,1614384.25,,,,669658.625,516972.1875,624005.8125,2506864.25,,,,0.551431835,0.189750373,0.030775322,0.357371403,0.093926497,0.093133137,0.091299921,Extrapolated,Extrapolated,Market-based,Regular,Regular,,,0.705537558,0.185787648,0.199205548,0.141739592,-0.145014033,-0.087256305,0.096735142,0.089269638,0.083978944,0.089671507,0.103494354,0.058466282,
GBR,United Kingdom,Pound Sterling,1954,563550.5,587976.5625,50.71157444,23.98725319,2168.931003,2.475518942,513206.0938,620094.4375,558228.3125,570292.625,1687838.625,0.142306253,0.753686488,0.819047928,689562.75,533869.125,646707.8125,2620023.5,0.141033351,0.717175424,0.642178237,0.551431835,0.191996068,0.031492818,0.357271356,0.096148707,0.095063195,0.093052171,Extrapolated,Extrapolated,Market-based,Regular,Regular,,,0.708294988,0.187427208,0.191604629,0.142966062,-0.142811373,-0.087481521,0.098786846,0.089851283,0.086396426,0.089333847,0.104641214,0.058184057,1.181261539
GBR,United Kingdom,Pound Sterling,1955,585641.4375,611781.8125,50.89238371,24.24670601,2167.362952,2.485880136,529661.25,649669.0625,578483.3125,588934.5625,1777936.375,0.1465123,0.731505156,0.806306481,709619.375,552200.1875,679712.0625,2756356.5,0.149307743,0.713783979,0.652773023,0.551431835,0.183716491,0.032267977,0.357271356,0.099820159,0.099132024,0.097372815,Extrapolated,Extrapolated,Market-based,Regular,Regular,,,0.715917945,0.203771099,0.183437124,0.141526252,-0.151508138,-0.093144231,0.102528088,0.096094914,0.089251645,0.095163994,0.108118251,0.06139956,1.106636167
GBR,United Kingdom,Pound Sterling,1956,601808,624797.1875,51.1301322,24.46224785,2153.779598,2.49860096,528825.875,653581.1875,592271.5,599574.5625,1863947.25,0.148889303,0.722958088,0.790973604,716726.5,555784.1875,686150.375,2887763.5,0.157245502,0.701403022,0.641105235,0.551431835,0.178602353,0.033071682,0.357371403,0.105819389,0.10454008,0.103266723,Extrapolated,Extrapolated,Market-based,Regular,Regular,,,0.70250088,0.20807308,0.179500967,0.143690094,-0.147459596,-0.08630541,0.10812813,0.099117182,0.096783809,0.101334482,0.110796869,0.064291365,1.155375361
GBR,United Kingdom,Pound Sterling,1957,613594.8125,637094.25,51.37587551,24.49118805,2132.252318,2.511386871,533868.375,666447.3125,603895.1875,609784.375,1950897,0.152378321,0.71337539,0.784995973,725624.125,562631.875,699604.4375,3022975.25,0.165521711,0.695398033,0.640132904,0.551431835,0.174138308,0.033864338,0.357371403,0.110095009,0.108166434,0.107121781,Extrapolated,Extrapolated,Market-based,Regular,Regular,,,0.700342596,0.217419341,0.175160959,0.142155632,-0.148382351,-0.08669614,0.112094387,0.10040047,0.102100939,0.105770975,0.113522135,0.065688156,1.123363972
GBR,United Kingdom,Pound Sterling,1958,620489.875,639945.375,51.597642,24.22674751,2102.453274,2.524238586,542992.3125,672924.1875,611598.75,615616.125,2023611,0.154585585,0.716513038,0.781257093,727962.375,572920.5,706340.125,3138801.5,0.172480807,0.692397654,0.64144057,0.551431835,0.16852349,0.034572016,0.35717131,0.113630474,0.111427896,0.110700749,Extrapolated,Extrapolated,Market-based,Regular,Regular,,,0.710725427,0.211059868,0.171305239,0.13260226,-0.138941526,-0.086751267,0.115553513,0.102223217,0.10565199,0.109576389,0.115348384,0.067455441,1.129377007
GBR,United Kingdom,Pound Sterling,1959,642533.0625,662077.75,51.90132292,23.70984268,2112.238031,2.537155628,554198.4375,698148.1875,630232.3125,634981.3125,2108866,0.157387927,0.714505732,0.783818603,750903.875,589666.6875,735213.6875,3272734,0.180573136,0.704254448,0.658346772,0.551431835,0.172191754,0.035189848,0.357271356,0.117452092,0.113869593,0.113017969,Extrapolated,Extrapolated,Market-based,Regular,Regular,,,0.703120828,0.226699173,0.169658303,0.130962208,-0.140834674,-0.089605868,0.119167782,0.100077167,0.110341705,0.110744879,0.117552765,0.066794299,1.058692455
GBR,United Kingdom,Pound Sterling,1960,672852.3125,694652.375,52.31688549,24.13194847,2103.583658,2.55013895,579612.25,744619.25,663360.125,657585.625,2213328.75,0.159346506,0.710786045,0.805511415,782240.3125,610083.6875,778653.3125,3447929.5,0.191391498,0.707432806,0.672333837,0.551431835,0.164459884,0.035943337,0.35717131,0.117868446,0.115206264,0.116217926,Extrapolated,Extrapolated,Market-based,Regular,Regular,,,0.712948382,0.250928551,0.168476358,0.1338128,-0.171164557,-0.095001549,0.119192868,0.105854958,0.112263806,0.11726065,0.110340379,0.069809981,1.092711806
GBR,United Kingdom,Pound Sterling,1961,691273.875,712287.875,52.75142526,24.4053688,2066.811106,2.571570158,593124.625,757337.25,682126.3125,676164.9375,2321153.5,0.162607923,0.709214926,0.795719028,799091.5625,616090.4375,790802.1875,3622415.25,0.202061862,0.704520404,0.665672719,0.551431835,0.162733257,0.036617875,0.35717131,0.120777577,0.118783526,0.119830765,Extrapolated,Extrapolated,Market-based,Regular,Regular,,,0.704320729,0.242858797,0.17286855,0.129386231,-0.158580169,-0.090854153,0.122248389,0.111581124,0.114785038,0.123124786,0.1151217,0.070898376,1.085887074
GBR,United Kingdom,Pound Sterling,1962,702065.5625,721434.6875,53.23591546,24.57999992,2029.04476,2.589919567,611288.875,765830.0625,691715.375,689227.5,2411722.75,0.161813051,0.701243997,0.780442536,813156.3125,632089.5625,801387.0625,3770085,0.210640445,0.705305576,0.663653612,0.551431835,0.161584273,0.036843307,0.35717131,0.124951117,0.123029485,0.123473562,Extrapolated,Extrapolated,Market-based,Regular,Regular,,,0.712340593,0.224223733,0.174578205,0.12087132,-0.142782688,-0.089231193,0.12629275,0.115428425,0.119476773,0.132663459,0.127797276,0.072084576,1.053720951
GBR,United Kingdom,Pound Sterling,1963,728127.8125,749405.625,53.56856519,24.60893822,2020.596682,2.608399868,631987.3125,794257.6875,715870.5625,716701.9375,2505909,0.16120556,0.706976891,0.786866367,844606.6875,656632.625,832760.75,3922392.25,0.219711304,0.717230678,0.675181448,0.551431835,0.15586552,0.036790237,0.35717131,0.127835333,0.126053467,0.125907227,Extrapolated,Extrapolated,Market-based,Regular,Regular,,,0.707137108,0.226412654,0.174662247,0.126543835,-0.14345032,-0.091305479,0.129135266,0.119113684,0.122572452,0.1307071,0.131271079,0.075563312,1.05495441
GBR,United Kingdom,Pound Sterling,1964,771741.4375,794482.8125,53.93418114,24.89732742,2020.83365,2.627012014,647026.125,852592.125,757224.9375,758724.6875,2653347.25,0.162056774,0.711679041,0.806261897,892023.1875,674816.5625,893026.1875,4161112,0.234260112,0.728397846,0.696229756,0.551431835,0.156909704,0.036909658,0.35717131,0.133208767,0.130248651,0.129991189,Extrapolated,Extrapolated,Market-based,Regular,Regular,,,0.68344456,0.270936221,0.169336632,0.120021865,-0.149193078,-0.094546154,0.134695396,0.120931566,0.127208665,0.135521919,0.136379674,0.077392325,1.062334776
GBR,United Kingdom,Pound Sterling,1965,793697,815405.4375,54.29280068,25.15079117,1997.567956,2.64575696,659721.1875,866388.4375,779325.1875,778927.5,2792216.75,0.162982762,0.703372955,0.78487134,912767.875,686511.125,906936.9375,4386784,0.247798249,0.724523604,0.687329769,0.551431835,0.154391602,0.037107777,0.35717131,0.139866725,0.136323258,0.136392877,Extrapolated,Extrapolated,Market-based,Regular,Regular,,,0.673857808,0.265322864,0.173103154,0.122640558,-0.146057591,-0.08886674,0.141585529,0.125011906,0.133175701,0.143520564,0.14184773,0.080052547,1.035410762
GBR,United Kingdom,Pound Sterling,1966,812602.1875,832909.75,54.58549541,25.30147362,1941.609751,2.664635658,676906.9375,882799,799290.125,799774.0625,2915983.75,0.16161266,0.701897562,0.774693847,930549.125,702297.6875,923026.5,4596009,0.260368586,0.728555799,0.689975321,0.551431835,0.148932412,0.037110366,0.35717131,0.144972414,0.141499937,0.141414315,Extrapolated,Extrapolated,Market-based,Regular,Regular,,,0.668891966,0.257437766,0.177480757,0.125340968,-0.142446309,-0.086705133,0.146857306,0.130083546,0.137868583,0.146251053,0.146333709,0.083766401,1.023866534
GBR,United Kingdom,Pound Sterling,1967,832710.5,852445.6875,54.90116093,24.9392395,1929.527472,2.683649302,701063.4375,919816.125,821449.4375,821557.0625,3055114.5,0.161330625,0.712684214,0.796373248,951293.8125,722084.3125,958174.3125,4825988,0.274041831,0.733352602,0.705242634,0.551431835,0.146328852,0.037033424,0.362131996,0.146574959,0.142947361,0.142928645,Extrapolated,Extrapolated,Market-based,Regular,Regular,,,0.668469369,0.266265959,0.184865713,0.114684656,-0.143015444,-0.091270231,0.14826715,0.131321549,0.140456021,0.152518764,0.150765568,0.084052265,1.026723981
GBR,United Kingdom,Pound Sterling,1968,862746.75,887278.6875,55.15589363,24.78856087,1922.201534,2.702798367,719547.3125,954871.8125,852906.4375,858731.875,3209831,0.161664024,0.719837427,0.79543525,1019455,738603.1875,991884.5,5080543,0.289130241,0.768395126,0.713795006,0.551431835,0.143956095,0.037023798,0.41670002,0.133169159,0.129647896,0.128768399,Extrapolated,Extrapolated,Market-based,Regular,Regular,,,0.657200456,0.274037272,0.180718035,0.124584243,-0.149656743,-0.086883247,0.134850234,0.11888101,0.127055764,0.143443391,0.147519559,0.076184146,0.892147958
GBR,United Kingdom,Pound Sterling,1969,880816.1875,904690.875,55.40263153,24.80452347,1912.604783,2.722084284,718671.3125,955532.4375,870502.3125,875413.75,3353767.25,0.161332846,0.72048974,0.78152734,1010564.438,739892,993099.75,5317999.5,0.302966833,0.744758785,0.698779762,0.551431835,0.140034139,0.03702417,0.41670002,0.141043276,0.136701703,0.135934755,Extrapolated,Extrapolated,Market-based,Regular,Regular,,,0.643824399,0.270570487,0.17712605,0.133043408,-0.147399008,-0.077165358,0.143296748,0.123528756,0.132852271,0.150386065,0.154658079,0.080040596,0.91314429
GBR,United Kingdom,Pound Sterling,1970,905981.625,928294.75,55.573453,24.70074654,1870.894407,2.74150753,736753.75,979638.0625,896192.4375,900147.4375,3497137.25,0.161557317,0.741192639,0.804369092,1031309.188,762158.3125,1017984.25,5543913.5,0.316452146,0.75324893,0.709882617,0.551431835,0.136080727,0.037049457,0.416666999,0.150999576,0.14581944,0.14517878,Benchmark,Extrapolated,Market-based,Regular,Regular,0.867218509,,0.6417014,0.269827217,0.176779836,0.13225767,-0.145614266,-0.07495182,0.152344853,0.1301063,0.146116301,0.162539542,0.165735543,0.085955434,0.963099658
GBR,United Kingdom,Pound Sterling,1971,922798.9375,942993.875,55.748531,24.43753433,1830.142408,2.763754129,763390.125,997722.8125,912980.375,916806.875,3502979.75,0.157151788,0.757784545,0.819707453,1067454.5,786240.375,1041708,5765316.5,0.329643399,0.775974274,0.723002493,0.551431835,0.130974233,0.037091915,0.410920237,0.166226506,0.162223205,0.161546126,Interpolated,Extrapolated,Market-based,Regular,Regular,,,0.649338365,0.255596578,0.183323488,0.141105145,-0.147281438,-0.082082108,0.168038711,0.149181589,0.159807637,0.17279169,0.177323058,0.09993428,1.001576066
GBR,United Kingdom,Pound Sterling,1972,954602.3125,973481.75,55.892418,24.49747086,1851.366498,2.78618145,812519.1875,1036197.563,943061.0625,946076.375,3341061.5,0.147085771,0.771216631,0.837426484,1113585.375,833142.1875,1087482.25,5971557.5,0.341884047,0.786747098,0.733549893,0.551431835,0.12633948,0.037128285,0.400390462,0.181762889,0.180231273,0.179656848,Interpolated,Extrapolated,Market-based,Regular,Regular,,,0.66806376,0.236427397,0.190766647,0.137319878,-0.154499516,-0.078078188,0.183930829,0.174667597,0.174170807,0.187386155,0.190598905,0.122795515,1.123953819
GBR,United Kingdom,Pound Sterling,1973,1001854.875,1040706.063,56.006296,24.87452888,1860.252353,2.808790445,855456.875,1114365.75,985722.875,1008146.25,3167423.75,0.137153894,0.809359312,0.894127727,1186234.875,875982.3125,1176650.75,6200224,0.355467141,0.810871601,0.767935693,0.551431835,0.117859378,0.037203468,0.408170945,0.19378379,0.195340589,0.190995783,Interpolated,Extrapolated,Market-based,Regular,Regular,,,0.660446167,0.256816804,0.188098252,0.155763775,-0.173769906,-0.087355107,0.196025357,0.200484321,0.18591328,0.194447815,0.221727639,0.153039694,1.229534626
GBR,United Kingdom,Pound Sterling,1974,938920.0625,1007688.875,56.092066,24.97051811,1845.297003,2.831583261,856021.5625,1095283,932858.25,973146.1875,3044661,0.12882334,0.82141912,0.924366713,1156763.25,868637.1875,1147976.25,6403790,0.366583645,0.778219461,0.737371564,0.551431835,0.098431915,0.037103824,0.42775644,0.216528594,0.220990032,0.211841106,Interpolated,Extrapolated,Market-based,Regular,Regular,,,0.677276194,0.24586387,0.202367157,0.19422932,-0.220749974,-0.098986559,0.218029723,0.236951962,0.211504653,0.204543412,0.252066433,0.191328183,1.293876886
GBR,United Kingdom,Pound Sterling,1975,936961.4375,989252.5625,56.152333,24.90545464,1814.079593,2.854560852,870667.375,1078438.75,934464.5,956727.25,3012716.25,0.126414374,0.821060479,0.934031904,1139717.125,879188.5625,1124995.875,6586670.5,0.376063526,0.762880087,0.718962133,0.551431835,0.094871067,0.036773991,0.452041166,0.254526764,0.258687884,0.252668291,Benchmark,Extrapolated,Market-based,Regular,Regular,0.845590368,,0.687602341,0.217168897,0.222445294,0.190378234,-0.202600554,-0.114994161,0.254228413,0.276125014,0.255448967,0.240154818,0.274401188,0.231873244,1.359610319
GBR,United Kingdom,Pound Sterling,1976,979787.5,1039064.25,56.188348,24.7782135,1807.024127,2.877724648,895796.0625,1128676,973190.9375,1003536,3053503.25,0.125458568,0.840069652,0.942875922,1172885.875,886436.5,1159187.875,6770677.5,0.386106431,0.776256263,0.732485652,0.551431835,0.094511881,0.036431789,0.556509832,0.234069154,0.239018306,0.231790826,Interpolated,Extrapolated,Market-based,Regular,Regular,,,0.665862858,0.23205933,0.226776853,0.196250245,-0.203821152,-0.117128134,0.23640281,0.258055657,0.227217093,0.23373118,0.273540765,0.220192015,1.173171043
GBR,United Kingdom,Pound Sterling,1977,1028885.125,1088997.75,56.203595,24.81986046,1816.92934,2.901076794,913291.625,1151634.375,1022499.875,1046106.188,3124331.75,0.125558749,0.849596798,0.924989998,1201712,880743.625,1157581.375,6935295.5,0.395985514,0.779796243,0.717179954,0.551431835,0.095279753,0.036259953,0.573271999,0.251812339,0.257290304,0.251484305,Interpolated,Extrapolated,Market-based,Regular,Regular,,,0.645879447,0.227838054,0.227159664,0.202512145,-0.200462192,-0.102927066,0.259252906,0.278281033,0.230656713,0.271314174,0.303401709,0.241128445,1.193076134
GBR,United Kingdom,Pound Sterling,1978,1108630.75,1163161.75,56.205913,24.95702744,1818.03747,2.924618244,973626.5,1219246.75,1098380.5,1118682.75,3217193.5,0.126744241,0.876268506,0.945381701,1252235.5,920406.125,1201682.875,7101870.5,0.407128304,0.796267927,0.729556501,0.551431835,0.096162744,0.036270101,0.521504582,0.298089206,0.305795729,0.30024606,Interpolated,Extrapolated,Market-based,Regular,Regular,,,0.642915845,0.219561979,0.227417141,0.200338125,-0.200490266,-0.089742839,0.308625489,0.336344033,0.268302768,0.319540739,0.349694967,0.295801818,1.338346362
GBR,United Kingdom,Pound Sterling,1979,1176186.125,1229293.25,56.205083,25.1849823,1815.493,2.948350906,1032133.938,1290772.375,1163501.375,1183203.375,3323642.75,0.128458545,0.902748108,0.980520248,1299181.625,954562.5625,1245055.5,7269585,0.4182989,0.809081674,0.740298867,0.551431835,0.094253808,0.036307879,0.472181166,0.366612196,0.377319366,0.37103644,Interpolated,Extrapolated,Market-based,Regular,Regular,,,0.642857552,0.218591675,0.229464099,0.206174091,-0.215471357,-0.081616059,0.38252762,0.42004782,0.322024137,0.371519178,0.403308243,0.377093583,1.546133041
GBR,United Kingdom,Pound Sterling,1980,1201736.25,1246676.5,56.209171,25.03955269,1785.396382,2.972275972,1071063.5,1296698.625,1198582.25,1198470.375,3381961.25,0.125228733,0.928204298,1.011073351,1272791,957516,1205805.5,7399249.5,0.425064683,0.793247283,0.717504442,0.551431835,0.089165032,0.035985898,0.430294999,0.458442718,0.4713521,0.471396089,Benchmark,Extrapolated,Market-based,Regular,Regular,0.893553592,,0.646432936,0.188269243,0.24725914,0.212819591,-0.221161962,-0.073618956,0.478043795,0.532631397,0.407197833,0.44912532,0.449750125,0.494419366,1.885368228
GBR,United Kingdom,Pound Sterling,1981,1177539.875,1220936.75,56.220735,24.3598671,1749.119935,2.994034052,1053445.625,1259564.75,1178468.75,1172273.5,3408009.75,0.119584389,0.934444964,1.007077217,1262765,959328.75,1186530.25,7477007.5,0.428426355,0.802046001,0.719534159,0.551431835,0.087952793,0.035305943,0.497641332,0.450114191,0.458833367,0.461258203,Interpolated,Extrapolated,Market-based,Regular,Regular,,,0.65534097,0.175828502,0.243293703,0.202398062,-0.207354888,-0.069506347,0.463770777,0.503395677,0.413328558,0.431827784,0.41996631,0.477701843,1.639374495
GBR,United Kingdom,Pound Sterling,1982,1179848.625,1222761.375,56.241412,23.90896606,1745.419246,3.015951633,1043359.188,1273969.25,1184333,1178597.875,3469087,0.117770486,0.960820615,1.035452485,1287955.125,969048.75,1218303.25,7581994,0.434197009,0.81923002,0.739871681,0.551431835,0.095023692,0.034680169,0.572446832,0.432338834,0.43484965,0.436965644,Interpolated,Extrapolated,Market-based,Regular,Regular,,,0.653767645,0.195664719,0.231486931,0.197233707,-0.207857847,-0.070295155,0.440579772,0.44620949,0.40906471,0.415965706,0.406035364,0.423031121,1.530651569
GBR,United Kingdom,Pound Sterling,1983,1208748,1250671.125,56.276798,23.73062515,1739.54848,3.038029432,1059894.125,1312371.25,1210837.375,1206987.125,3511902.5,0.117971078,0.962133229,1.030222893,1342331.75,1003860.25,1277382.875,7706945.5,0.441699475,0.848947465,0.771325886,0.551431835,0.101287909,0.034184422,0.659724582,0.404141247,0.404348046,0.40563792,Interpolated,Extrapolated,Market-based,Regular,Regular,,,0.661513627,0.209179655,0.216618463,0.193226919,-0.213771492,-0.066767156,0.404985726,0.405216247,0.401562423,0.393702179,0.388288558,0.381732732,1.293145657
GBR,United Kingdom,Pound Sterling,1984,1221063.875,1266116.875,56.332901,24.22937393,1745.752522,3.060268641,1057585.5,1329558.5,1216568.375,1216730.625,3579406.75,0.116532378,0.922027946,0.97791332,1372789.25,1024528.75,1319008.875,7873745,0.452790231,0.843748987,0.774021447,0.551431835,0.101318911,0.033869054,0.751806666,0.38088423,0.379331738,0.379281193,Interpolated,Benchmark,Market-based,Regular,Regular,,,0.663668394,0.223527685,0.205534294,0.206689954,-0.23164925,-0.0677711,0.377997845,0.37329483,0.3902044,0.37525931,0.375931233,0.354880273,1.105292439
GBR,United Kingdom,Pound Sterling,1985,1255544.25,1287015.5,56.413553,24.5027256,1748.081732,3.082670927,1072486.125,1355348.125,1254154.25,1252302.5,3660727.25,0.116612397,0.914145529,0.956776381,1429725.25,1053965.625,1358726,8051508,0.465576321,0.858389437,0.778860211,0.551431835,0.103224367,0.033747777,0.779246,0.393483311,0.390108526,0.39068535,Benchmark,Benchmark,Market-based,Regular,Regular,0.883262675,,0.664845109,0.225873545,0.191566288,0.218157008,-0.236770526,-0.063671395,0.387237638,0.377313048,0.415159285,0.370543689,0.369490445,0.364349484,1.090633154
GBR,United Kingdom,Pound Sterling,1986,1273971.375,1301847.875,56.522503,24.62697411,1742.736778,3.105237246,1109306.25,1398699,1273613.125,1262714.5,3746527,0.117671207,0.886844158,0.949868381,1474767.125,1109360.625,1422314.375,8227373,0.47772637,0.870786786,0.801825464,0.551431835,0.103323944,0.033598833,0.682197333,0.478484929,0.472243071,0.476319104,Interpolated,Benchmark,Market-based,Regular,Regular,,,0.686090231,0.229183003,0.192418918,0.194901809,-0.236883476,-0.065710455,0.471545309,0.448316693,0.503228903,0.43377766,0.422257304,0.440311223,1.276302338
GBR,United Kingdom,Pound Sterling,1987,1328565.75,1359725.25,56.65827,25.09552956,1747.566738,3.12796855,1132694.125,1451540.125,1326892.875,1318378.875,3882696.25,0.118688732,0.888571739,0.949284792,1554296.25,1155982.5,1497440.875,8447580,0.492634833,0.89086616,0.819453359,0.551431835,0.106476746,0.0334071,0.6119265,0.571577549,0.561560273,0.565186858,Interpolated,Benchmark,Market-based,Regular,Regular,,,0.676495731,0.241847023,0.182661057,0.21044746,-0.248752251,-0.062699035,0.561992466,0.525974214,0.607076526,0.472619325,0.470822185,0.518356144,1.510360122
GBR,United Kingdom,Pound Sterling,1988,1395051.375,1408895.25,56.812757,25.91180611,1754.725738,3.15086627,1180468.5,1557608,1393599.625,1368324.875,4064859.25,0.121444628,0.867311835,0.966335356,1643395,1225639.125,1624716.5,8748914,0.513622344,0.902614057,0.851988256,0.550357163,0.108174473,0.033361703,0.562170167,0.66746062,0.653108001,0.665171742,Interpolated,Benchmark,Market-based,Regular,Regular,,,0.688478649,0.275621355,0.174232095,0.204311877,-0.273688465,-0.068955451,0.65437007,0.608183503,0.719187796,0.520072222,0.50667733,0.607636273,1.696504831
GBR,United Kingdom,Pound Sterling,1989,1426727.625,1430370.25,56.974297,26.58535194,1758.556942,3.173931837,1198768.25,1584512.875,1423273.125,1395969.375,4289242,0.131753296,0.828008354,0.926424742,1685755,1261630.125,1675700.75,9069435,0.53730619,0.889953017,0.844627023,0.556724668,0.100113325,0.033484548,0.61117275,0.66105926,0.651263714,0.664001763,Interpolated,Benchmark,Market-based,Regular,Regular,,,0.687071383,0.276327461,0.171663955,0.204052687,-0.275409609,-0.063705817,0.648267806,0.62082243,0.712255955,0.537950814,0.518111765,0.612813473,1.424185395
GBR,United Kingdom,Pound Sterling,1990,1439709.75,1445536.75,57.134391,26.70350075,1745.944085,3.197166204,1201897.875,1556210.375,1436922.25,1406169.375,4443014.5,0.133654267,0.819459438,0.895744503,1698124.875,1277189.625,1668343.75,9339201,0.562190831,0.876799941,0.822455227,0.575843632,0.089305244,0.033920001,0.563177167,0.776202381,0.760802269,0.777441025,Interpolated,Benchmark,Market-based,Regular,Regular,,,0.692082584,0.251970023,0.162649393,0.233548224,-0.293156296,-0.047093939,0.749493122,0.708562136,0.889851868,0.564845562,0.545259714,0.734809995,1.51194346
GBR,United Kingdom,Pound Sterling,1991,1403689.625,1401682.75,57.290785,25.98984337,1720.546584,3.227114201,1163566.125,1491312.625,1400323.625,1371916.5,4688279.5,0.134126574,0.810930848,0.878334284,1679392.875,1264880.75,1625334,9526775,0.579713464,0.872210622,0.805948973,0.582013249,0.094578788,0.034454513,0.567015333,0.853539407,0.816073,0.832970798,Interpolated,Benchmark,Market-based,Regular,Regular,,,0.67856735,0.238896832,0.16956453,0.207084551,-0.255654216,-0.038459066,0.827761769,0.683059871,0.956696808,0.614270806,0.58397156,0.683733761,1.502474546
GBR,United Kingdom,Pound Sterling,1992,1402815.25,1399794.875,57.446037,25.37150192,1714.330462,3.257342815,1157720.5,1503300,1400464.875,1366830.25,4954481,0.13523367,0.782808483,0.85562861,1686127.75,1282343.375,1655557.75,9703619,0.594014704,0.87611258,0.821314752,0.57981962,0.105495341,0.034742568,0.569774167,0.901939988,0.842372477,0.863101304,Interpolated,Benchmark,Market-based,Regular,Regular,,,0.676589072,0.25283283,0.170422137,0.256087929,-0.308930218,-0.047001734,0.874566436,0.642816246,1.01061523,0.544186831,0.524938524,0.62084198,1.479550362
GBR,United Kingdom,Pound Sterling,1993,1438628.625,1438639.75,57.602284,25.14382935,1710.316072,3.287854671,1171602.75,1535689.125,1434985.375,1397271,5219649.5,0.132571101,0.795262158,0.862273037,1728109.625,1323796.875,1710601.75,9875274,0.607125461,0.890608132,0.841705501,0.563875258,0.119824834,0.034865759,0.666756553,0.803091466,0.739699423,0.759664953,Interpolated,Benchmark,Market-based,Regular,Regular,,,0.676634789,0.260569632,0.161858752,0.21654892,-0.272755504,-0.042856589,0.778949499,0.535708547,0.904014647,0.551924646,0.514282644,0.501649141,1.319669843
GBR,United Kingdom,Pound Sterling,1994,1483157.5,1479402.125,57.763378,25.35057068,1720.590484,3.318652153,1187569.75,1581233.25,1469468.5,1441263.875,5584288.5,0.131740034,0.793440044,0.858319163,1794573.625,1363362.125,1783305,10076868,0.622913837,0.902510524,0.856273532,0.549945593,0.130129769,0.034940924,0.653426604,0.847289681,0.77609235,0.791280031,Interpolated,Benchmark,Market-based,Regular,Regular,,,0.666662991,0.273137659,0.157314986,0.243789345,-0.286768496,-0.054136533,0.82280159,0.56131053,0.951064229,0.566362977,0.541967332,0.48629728,1.363708377
GBR,United Kingdom,Pound Sterling,1995,1627492.625,1626361,57.932453,25.66979218,1722.625249,3.349738359,1197076.25,1602275.375,1606654,1579336.5,5838760.5,0.138612047,0.826114535,0.827950716,1840006.125,1390399.5,1828736.375,10291874,0.6397295,0.902820706,0.856700897,0.544222295,0.143639192,0.035050545,0.63366812,0.909854174,0.835078299,0.849522471,Benchmark,Benchmark,Market-based,Regular,Regular,,,0.615858376,0.256562889,0.142103061,0.244519606,-0.281893253,0.022849288,0.883320391,0.614168525,1.024848461,0.605937064,0.586247683,0.51825881,1.470778465
GBR,United Kingdom,Pound Sterling,1996,1721674.375,1724950,58.113557,25.92455482,1722.092499,3.381115437,1274742.125,1687990.625,1690832.625,1668736.625,6153739.5,0.153424099,0.799482048,0.798526525,1885852,1432483.125,1883307,10521038,0.658145249,0.904037535,0.861977339,0.533987522,0.144158944,0.03521413,0.640958255,0.900302529,0.837150991,0.848235786,Benchmark,Benchmark,Market-based,Regular,Regular,0.919081106,,0.630326569,0.247641519,0.133569941,0.255121112,-0.288827777,0.022168603,0.866181433,0.64234823,1.06132257,0.596622288,0.587164342,0.52967304,1.355509758
GBR,United Kingdom,Pound Sterling,1997,1834843.75,1829166.375,58.307313,26.4080143,1721.195442,3.412786484,1386600.5,1789744.125,1797785.25,1780884.375,6614300.5,0.153005764,0.824900031,0.818691432,1979678.625,1507055.5,1983202.875,10712724,0.673015952,0.9255656,0.885269582,0.550859213,0.128116012,0.035183292,0.610836114,0.919688523,0.866683185,0.87490809,Benchmark,Benchmark,Market-based,Regular,Regular,,,0.642513275,0.226372689,0.136088938,0.276115775,-0.302250385,0.02115969,0.894408941,0.684372842,1.039040327,0.567384243,0.566627026,0.594850183,1.365874052
GBR,United Kingdom,Pound Sterling,1998,1918872.875,1879454.625,58.509974,26.6908989,1716.99944,3.444754601,1459823.75,1882968.375,1870316.375,1850465.25,6675436,0.143920124,0.84237963,0.841623962,2053080.625,1568662.5,2081017,10944359,0.693183661,0.938166916,0.90791589,0.557235301,0.123432994,0.035090059,0.603823594,0.932102561,0.883034289,0.892507255,Benchmark,Benchmark,Market-based,Regular,Regular,,,0.648799896,0.228669316,0.140095577,0.268756628,-0.30498746,0.018665979,0.911082864,0.713752031,1.029447317,0.542904735,0.55283016,0.63782382,1.487150311
GBR,United Kingdom,Pound Sterling,1999,1995794.875,1958917.875,58.715854,27.06702805,1708.610393,3.477021933,1553372.875,1977491.75,1949541,1931921.375,6543397.5,0.136394411,0.869869173,0.865555286,2120733.5,1636547,2171454.5,11167074,0.711753011,0.94810915,0.926870108,0.579679847,0.112185776,0.035102159,0.618056845,0.901793182,0.862916887,0.870786905,Benchmark,Benchmark,Market-based,Regular,Regular,,,0.655369103,0.219532177,0.148686826,0.257095873,-0.296068281,0.015384288,0.885672748,0.720529139,0.972847402,0.533533037,0.55071795,0.674912512,1.439275861
GBR,United Kingdom,Pound Sterling,2000,2101197.5,2075158.75,58.923309,27.38034821,1692.953954,3.509591341,1655331.25,2094680.375,2057960.375,2041666.625,6517053,0.128042012,0.908949375,0.897049069,2195091.25,1704216,2250711.75,11402752,0.732185721,0.963302553,0.943030775,0.588405013,0.107149489,0.035116747,0.660930833,0.834465623,0.805708349,0.812138498,Benchmark,Benchmark,Market-based,Regular,Regular,,,0.65668571,0.215191409,0.154088825,0.291065574,-0.34743616,0.030404663,0.822387695,0.697360158,0.885938525,0.496416658,0.52865386,0.678174496,1.432485104
GBR,United Kingdom,Pound Sterling,2001,2147078.75,2121908.25,59.124288,27.59571457,1695.976472,3.528481245,1734189,2159900.5,2111826.75,2088243.25,6474644.5,0.115998968,0.951498985,0.944381654,2255024.5,1767649.5,2335695,11630291,0.750481308,0.971060216,0.960299909,0.600840569,0.098575085,0.035176195,0.694655,0.793613613,0.775993168,0.784756839,Benchmark,Benchmark,Market-based,Regular,Regular,,,0.667526245,0.203861058,0.162927285,0.275708109,-0.336075932,0.026053268,0.781953871,0.704213977,0.841384709,0.48458907,0.511535704,0.69618535,1.481670856
GBR,United Kingdom,Pound Sterling,2002,2171920.5,2123617,59.326294,27.80361366,1678.561396,3.547472715,1763943,2202217.5,2144577.75,2105030,6362147,0.111561127,0.956836641,0.953058958,2304155.75,1830124.375,2412634.75,11860468,0.768224001,0.981419742,0.981138706,0.593017399,0.100664586,0.035229094,0.667223333,0.851831555,0.830009639,0.845603287,Benchmark,Benchmark,Market-based,Regular,Regular,,,0.662312746,0.208203405,0.175653026,0.276867568,-0.344473839,0.021437082,0.84444052,0.742182016,0.879700065,0.49072215,0.513013065,0.777227104,1.603102803
GBR,United Kingdom,Pound Sterling,2003,2232518.25,2166739.25,59.561432,28.06005287,1669.380343,3.566566467,1808138.25,2258741,2209299.5,2149069.5,6496762.5,0.111373857,0.949046373,0.946901023,2380697.25,1892885.375,2489431.75,12094840,0.785192311,0.999622822,0.997994363,0.587607324,0.103377223,0.035305768,0.6124725,0.957957864,0.928353727,0.95437181,Benchmark,Benchmark,Market-based,Regular,Regular,,,0.670792341,0.209673375,0.17056635,0.276751667,-0.36049968,0.032715954,0.931875885,0.809560835,1.060531378,0.524582624,0.548571944,0.881482363,1.75085187
GBR,United Kingdom,Pound Sterling,2004,2319942.5,2220801.25,59.872753,28.3535347,1666.715738,3.585762978,1883929.25,2357123.25,2298173,2210853,6802806,0.112899914,0.942519009,0.948485553,2435126.5,1955999.875,2557739.5,12326425,0.800869048,1.005789876,1.008643866,0.597272038,0.099033147,0.035350412,0.54618,1.08940208,1.049587369,1.091042042,Benchmark,Benchmark,Market-based,Regular,Regular,,,0.676193237,0.214032322,0.175934553,0.288309485,-0.390175194,0.035705566,1.057042956,0.891072929,1.213772178,0.556941509,0.583107233,1.004602551,1.839937091
GBR,United Kingdom,Pound Sterling,2005,2369775.25,2377112.25,60.287954,28.67258644,1669.737173,3.605062723,1925166.75,2447224.5,2389001.5,2335020.25,7368616.5,0.11821945,0.948369801,0.922001898,2507101.25,2010384.875,2630195,12577712,0.818979442,1.015031695,1.016697049,0.594801188,0.098838665,0.035412427,0.549998333,1.114964247,1.060193539,1.084703207,Benchmark,Benchmark,Market-based,Regular,Regular,0.828410281,,0.656345904,0.22357735,0.168129474,0.300704211,-0.377686381,0.028929424,1.073517323,0.858218491,1.276764989,0.559709132,0.598703682,0.99213922,1.688562989
GBR,United Kingdom,Pound Sterling,2006,2467434.75,2415816.25,60.821356,29.00107574,1663.985723,3.624466658,1991626.875,2525120.75,2472596.25,2394114.5,7952251,0.121871278,0.940425575,0.926859856,2574637.75,2042652.625,2689910.5,12838273,0.839101553,1.024064064,1.021514893,0.60010314,0.094154544,0.035577368,0.543486667,1.142549038,1.094429016,1.130305648,Benchmark,Benchmark,Market-based,Regular,Regular,,,0.659140527,0.222835585,0.172744051,0.329634696,-0.420760125,0.03640528,1.100397944,0.914788425,1.303385496,0.581614017,0.610514045,1.007891655,1.629347801
GBR,United Kingdom,Pound Sterling,2007,2527567.5,2412173.5,61.455162,29.31574249,1665.821363,3.643974781,2029804.375,2579784.75,2528118,2398740.75,8262503,0.12151891,0.926524282,0.940885186,2635414,2083279.25,2742051.25,13112510,0.860323787,1.027138233,1.020355463,0.603558183,0.091772392,0.035795443,0.499771667,1.275191903,1.223670125,1.289669514,Benchmark,Benchmark,Market-based,Regular,Regular,,,0.669077277,0.229278743,0.177118525,0.300186694,-0.428278893,0.052617658,1.232215166,1.033519983,1.43753922,0.630494177,0.661909938,1.122564793,1.763528585
GBR,United Kingdom,Pound Sterling,2008,2551335.5,2496842.75,62.145097,29.66325378,1660.468805,3.663587809,2078668.25,2624545,2568484,2452381,9497508,0.133268014,0.896214545,0.911920607,2628067,2088417.5,2714584,13337417,0.877062798,1.007944584,0.994029641,0.595150769,0.089085579,0.035979431,0.54396625,1.191061974,1.137485504,1.191337466,Benchmark,Benchmark,Market-based,Regular,Regular,,,0.657845199,0.222590551,0.189767078,0.289021105,-0.413725168,0.054501187,1.163348436,0.933469117,1.287133574,0.680032253,0.694847107,0.963435352,1.523686171
GBR,United Kingdom,Pound Sterling,2009,2424522.5,2321851.75,62.828616,29.28887558,1638.331733,3.683306456,1998943,2469554,2430517,2320973.5,10571957,0.14731735,0.823733568,0.851761818,2519949.5,2050551.125,2604154.25,13463969,0.885578156,0.974743783,0.961747825,0.600112915,0.079551026,0.036008272,0.641919263,1.043872952,0.992512107,1.039355874,Benchmark,Benchmark,Market-based,Regular,Regular,,,0.65282774,0.202764496,0.208424255,0.243090957,-0.370637715,0.063530296,1.025796533,0.774354279,1.100491762,0.638062954,0.641681135,0.763654768,1.10841763
GBR,United Kingdom,Pound Sterling,2010,2546775.25,2481864.75,63.459808,29.42511749,1643.207828,3.703131437,2046720,2609154.5,2559553.25,2460576.25,11924992,0.164839029,0.807178915,0.825429022,2572214.75,2071775,2674350.75,13608539,0.897200584,0.982105911,0.974911869,0.599280894,0.08434625,0.036050308,0.647179346,1.03852582,0.969536245,1.008535981,Benchmark,Benchmark,Market-based,Regular,Regular,,,0.635589719,0.228578329,0.196215436,0.264535308,-0.388551593,0.063632764,1.015725374,0.718480587,1.112381816,0.648323834,0.656861961,0.6701895,0.976673663
GBR,United Kingdom,Pound Sterling,2011,2562286,2517183.5,64.021919,29.60507011,1639.815847,3.7108953,2108696,2613159.5,2588466.75,2483983.5,11398220,0.156827211,0.823117614,0.830906034,2605028.5,2075148,2667087.75,13738178,0.906492889,0.986902297,0.964705706,0.596890986,0.086436369,0.036128659,0.624140836,1.07471776,1.027589798,1.070813179,Benchmark,Benchmark,Market-based,Regular,Regular,0.783716405,,0.650530934,0.20308651,0.198386088,0.304873616,-0.422904879,0.066027708,1.056557894,0.830591619,1.1342659,0.68268764,0.683491409,0.743387759,1.079889417
GBR,United Kingdom,Pound Sterling,2012,2642660.25,2585394.25,64.525312,29.95309448,1655.019025,3.718675613,2124695.75,2692932,2660003.75,2535151.75,12555421,0.166533098,0.795474291,0.811888039,2642290.75,2105519.75,2715972.75,13874200,0.916663229,0.982966363,0.964671254,0.591289818,0.087508872,0.036173504,0.633046989,1.085802317,1.016546369,1.066609621,ICP PPP timeseries: benchmark or interpolated,Benchmark,Market-based,Regular,Regular,0.793278262,,0.644974232,0.224142909,0.193119809,0.280785561,-0.40756616,0.06454359,1.066555023,0.757591426,1.150083661,0.675719321,0.666833103,0.694083273,1.011890292
GBR,United Kingdom,Pound Sterling,2013,2705726.5,2685292,64.984018,30.31403923,1665.974886,3.726472139,2138153,2748079,2710015,2636543.75,14047743,0.180662245,0.78228581,0.789007246,2700054.25,2145058.5,2793329.25,14028312,0.927892506,0.987309813,0.975211799,0.595529318,0.084834568,0.036260601,0.639660578,1.106140018,1.027024269,1.055643797,ICP PPP timeseries: benchmark or interpolated,Benchmark,Market-based,Regular,Regular,0.804498164,,0.624249995,0.231335476,0.186718091,0.298655123,-0.366075903,0.02511717,1.095905542,0.749676347,1.140356898,0.695946157,0.680705488,0.647515178,0.912264943
GBR,United Kingdom,Pound Sterling,2014,2764983,2700870.5,65.423047,31.01110458,1672.434032,3.734284878,2159173.75,2812885.5,2769868.75,2651424.5,14052817,0.177444667,0.76599282,0.784715235,2777349.5,2193627.5,2898763.75,14220596,0.943481266,0.991722405,0.988253295,0.584959626,0.090112366,0.036456183,0.607729627,1.195083261,1.106738806,1.156178951,ICP PPP timeseries: benchmark or interpolated,Benchmark,Market-based,Regular,Regular,0.799951669,,0.622296929,0.246551141,0.192047879,0.269839019,-0.375227183,0.044492159,1.194711208,0.814941645,1.196288824,0.714227974,0.698572099,0.70581907,1.008280158
GBR,United Kingdom,Pound Sterling,2015,2913114.75,2807567.5,65.860146,31.5069294,1669.465155,3.742114305,2229549.25,2948516.5,2905721.75,2790772,15216962,0.187715247,0.764188528,0.778445244,2842980.25,2253321.25,2989638.25,14437758,0.960930884,0.997975349,1.001983404,0.5850752,0.089170232,0.03677142,0.654545479,1.101932764,1.009313703,1.050886512,ICP PPP timeseries: benchmark or interpolated,Benchmark,Market-based,Regular,Regular,0.798569368,,0.606714547,0.257623076,0.192185953,0.254682571,-0.3523826,0.04117645,1.112939477,0.722098053,1.067185521,0.656051755,0.640877068,0.630189836,0.879030943
GBR,United Kingdom,Pound Sterling,2016,2975320.75,2827233.5,66.297944,31.93847466,1667.698899,3.749960184,2310143.25,3014630.75,2961023.25,2825248,14695206,0.179814413,0.776274979,0.800202012,2891947.5,2317576,3051487,14673722,0.98050338,0.998123646,1.005544662,0.586205304,0.088504083,0.037143793,0.740634464,0.978938997,0.909566522,0.953278244,ICP PPP timeseries: benchmark or interpolated,Benchmark,Market-based,Regular,Regular,0.809333616,,0.623213589,0.249354199,0.194464505,0.223119214,-0.355554074,0.065402612,0.991480887,0.682081342,0.93874526,0.652735531,0.633499265,0.599712133,0.81391716
GBR,United Kingdom,Pound Sterling,2017,3037790.75,2942276.25,66.727461,32.24306488,1668.949059,3.757822275,2341698,3081680.25,3037790.75,2942276.25,14915074,0.179899409,0.790132344,0.796067536,2942276.25,2341698,3081680.25,14915074,1,1,1,0.587017238,0.08611498,0.037531015,0.777002598,0.94623518,0.876454055,0.904906273,Benchmark,Benchmark,Market-based,Regular,Regular,0.813196903,,0.60610652,0.251499891,0.189773187,0.22432062,-0.332017601,0.06031733,0.963007927,0.655629456,0.892665565,0.669451773,0.656071484,0.595831573,0.774425328
GBR,United Kingdom,Pound Sterling,2018,3080494.75,2974124.5,67.141684,32.63174438,1663.188884,3.765700817,2373483.5,3112652,3076047.5,2974426.5,15103278,0.181528315,0.77806747,0.782878816,2979130.75,2370935.75,3118068,15145127,1.017897487,0.998898089,0.998189688,0.58964473,0.084335625,0.037844867,0.749581638,1.002806067,0.928892195,0.960627675,Extrapolated,Benchmark,Market-based,Regular,Regular,,,0.607717991,0.248507917,0.19024545,0.237946779,-0.335813344,0.051395208,1.022685528,0.691553354,0.9393031,0.693516612,0.67246592,0.637423635,0.772466302
GBR,United Kingdom,Pound Sterling,2019,3118991.25,2989895.5,67.530172,32.98249817,1667.947711,3.773596048,2414705.5,3154159.75,3110495,2994405.75,15302674,0.178386733,0.767746747,0.777788639,3016695.25,2408667.5,3163755.5,15374461,1.035337448,0.995244145,0.996545136,0.58964473,0.083146363,0.038087454,0.78344511,0.972623169,0.908679068,0.94390732,Extrapolated,Extrapolated,Market-based,Regular,Regular,,,0.608676434,0.246945262,0.197729126,0.227445394,-0.346070737,0.065274552,0.992262185,0.699868321,0.912167728,0.687633097,0.668252349,0.628588378,0.752910078
